"rule","engine","severity","tags","file","startLine","startColumn","endLine","endColumn","message","resources"
"@salesforce-ux/slds/lwc-token-to-slds-hook","eslint",3,"Recommended,SLDS,ErrorProne,CSS,Fixable","apps\salesforce\force-app\main\default\lwc\docEngineFiller\docEngineFiller.css",6,17,6,49,"The '--lwc-brandPrimary' design token is deprecated. Replace it with the SLDS 2 '--slds-g-color-accent-1' styling hook and set the fallback to '--lwc-brandPrimary'. For more info, see Global Styling Hooks on lightningdesignsystem.com.","https://developer.salesforce.com/docs/platform/slds-linter/guide/reference-rules.html#lwc-token-to-slds-hook"
"@salesforce-ux/slds/lwc-token-to-slds-hook","eslint",3,"Recommended,SLDS,ErrorProne,CSS,Fixable","apps\salesforce\force-app\main\default\lwc\docEngineFiller\docEngineFiller.css",7,23,7,61,"The '--lwc-brandPrimaryActive' design token is deprecated. Replace it with the SLDS 2 '--slds-g-color-accent-2' styling hook and set the fallback to '--lwc-brandPrimaryActive'. For more info, see Global Styling Hooks on lightningdesignsystem.com.","https://developer.salesforce.com/docs/platform/slds-linter/guide/reference-rules.html#lwc-token-to-slds-hook"
"@salesforce-ux/slds/lwc-token-to-slds-hook","eslint",3,"Recommended,SLDS,ErrorProne,CSS,Fixable","apps\salesforce\force-app\main\default\lwc\docEngineFiller\docEngineFiller.css",9,23,9,61,"The '--lwc-brandPrimaryActive' design token is deprecated. Replace it with the SLDS 2 '--slds-g-color-accent-2' styling hook and set the fallback to '--lwc-brandPrimaryActive'. For more info, see Global Styling Hooks on lightningdesignsystem.com.","https://developer.salesforce.com/docs/platform/slds-linter/guide/reference-rules.html#lwc-token-to-slds-hook"
"@salesforce-ux/slds/lwc-token-to-slds-hook","eslint",3,"Recommended,SLDS,ErrorProne,CSS,Fixable","apps\salesforce\force-app\main\default\lwc\docEngineFiller\docEngineFiller.css",11,19,11,54,"The '--lwc-colorBackgroundAlt' design token is deprecated. Replace it with the SLDS 2 '
1. --slds-g-color-surface-1
2. --slds-g-color-surface-container-1' styling hook and set the fallback to '--lwc-colorBackgroundAlt'. For more info, see Global Styling Hooks on lightningdesignsystem.com.","https://developer.salesforce.com/docs/platform/slds-linter/guide/reference-rules.html#lwc-token-to-slds-hook"
"@salesforce-ux/slds/lwc-token-to-slds-hook","eslint",3,"Recommended,SLDS,ErrorProne,CSS,Fixable","apps\salesforce\force-app\main\default\lwc\docEngineFiller\docEngineFiller.css",12,20,12,55,"The '--lwc-colorBackground' design token is deprecated. Replace it with the SLDS 2 '
1. --slds-g-color-surface-2
2. --slds-g-color-surface-container-2' styling hook and set the fallback to '--lwc-colorBackground'. For more info, see Global Styling Hooks on lightningdesignsystem.com.","https://developer.salesforce.com/docs/platform/slds-linter/guide/reference-rules.html#lwc-token-to-slds-hook"
"@salesforce-ux/slds/lwc-token-to-slds-hook","eslint",3,"Recommended,SLDS,ErrorProne,CSS,Fixable","apps\salesforce\force-app\main\default\lwc\docEngineFiller\docEngineFiller.css",13,21,13,64,"The '--lwc-colorBackgroundRowHover' design token is deprecated. Replace it with the SLDS 2 '--slds-g-color-surface-container-2' styling hook and set the fallback to '--lwc-colorBackgroundRowHover'. For more info, see Global Styling Hooks on lightningdesignsystem.com.","https://developer.salesforce.com/docs/platform/slds-linter/guide/reference-rules.html#lwc-token-to-slds-hook"
"@salesforce-ux/slds/lwc-token-to-slds-hook","eslint",3,"Recommended,SLDS,ErrorProne,CSS,Fixable","apps\salesforce\force-app\main\default\lwc\docEngineFiller\docEngineFiller.css",14,21,14,61,"The '--lwc-colorBackgroundShade' design token is deprecated. Replace it with the SLDS 2 '--slds-g-color-surface-2' styling hook and set the fallback to '--lwc-colorBackgroundShade'. For more info, see Global Styling Hooks on lightningdesignsystem.com.","https://developer.salesforce.com/docs/platform/slds-linter/guide/reference-rules.html#lwc-token-to-slds-hook"
"@salesforce-ux/slds/lwc-token-to-slds-hook","eslint",3,"Recommended,SLDS,ErrorProne,CSS,Fixable","apps\salesforce\force-app\main\default\lwc\docEngineFiller\docEngineFiller.css",15,21,15,63,"The '--lwc-colorBackgroundStencil' design token is deprecated. Replace it with the SLDS 2 '--slds-g-color-surface-container-2' styling hook and set the fallback to '--lwc-colorBackgroundStencil'. For more info, see Global Styling Hooks on lightningdesignsystem.com.","https://developer.salesforce.com/docs/platform/slds-linter/guide/reference-rules.html#lwc-token-to-slds-hook"
"@salesforce-ux/slds/lwc-token-to-slds-hook","eslint",3,"Recommended,SLDS,ErrorProne,CSS,Fixable","apps\salesforce\force-app\main\default\lwc\docEngineFiller\docEngineFiller.css",16,23,16,61,"The '--lwc-colorBackgroundAlt' design token is deprecated. Replace it with the SLDS 2 '
1. --slds-g-color-surface-1
2. --slds-g-color-surface-container-1' styling hook and set the fallback to '--lwc-colorBackgroundAlt'. For more info, see Global Styling Hooks on lightningdesignsystem.com.","https://developer.salesforce.com/docs/platform/slds-linter/guide/reference-rules.html#lwc-token-to-slds-hook"
"@salesforce-ux/slds/lwc-token-to-slds-hook","eslint",3,"Recommended,SLDS,ErrorProne,CSS,Fixable","apps\salesforce\force-app\main\default\lwc\docEngineFiller\docEngineFiller.css",18,16,18,47,"The '--lwc-colorBorder' design token is deprecated. Replace it with the SLDS 2 '--slds-g-color-neutral-base-90' styling hook and set the fallback to '--lwc-colorBorder'. For more info, see Global Styling Hooks on lightningdesignsystem.com.","https://developer.salesforce.com/docs/platform/slds-linter/guide/reference-rules.html#lwc-token-to-slds-hook"
"@salesforce-ux/slds/lwc-token-to-slds-hook","eslint",3,"Recommended,SLDS,ErrorProne,CSS,Fixable","apps\salesforce\force-app\main\default\lwc\docEngineFiller\docEngineFiller.css",19,23,19,59,"The '--lwc-colorBorderInput' design token is deprecated. Replace it with the SLDS 2 '--slds-g-color-neutral-base-80' styling hook and set the fallback to '--lwc-colorBorderInput'. For more info, see Global Styling Hooks on lightningdesignsystem.com.","https://developer.salesforce.com/docs/platform/slds-linter/guide/reference-rules.html#lwc-token-to-slds-hook"
"@salesforce-ux/slds/lwc-token-to-slds-hook","eslint",3,"Recommended,SLDS,ErrorProne,CSS,Fixable","apps\salesforce\force-app\main\default\lwc\docEngineFiller\docEngineFiller.css",20,22,20,58,"The '--lwc-colorBorderInput' design token is deprecated. Replace it with the SLDS 2 '--slds-g-color-neutral-base-80' styling hook and set the fallback to '--lwc-colorBorderInput'. For more info, see Global Styling Hooks on lightningdesignsystem.com.","https://developer.salesforce.com/docs/platform/slds-linter/guide/reference-rules.html#lwc-token-to-slds-hook"
"@salesforce-ux/slds/lwc-token-to-slds-hook","eslint",3,"Recommended,SLDS,ErrorProne,CSS,Fixable","apps\salesforce\force-app\main\default\lwc\docEngineFiller\docEngineFiller.css",21,23,21,63,"The '--lwc-colorBorderSeparator' design token is deprecated. Replace it with the SLDS 2 '--slds-g-color-neutral-base-95' styling hook and set the fallback to '--lwc-colorBorderSeparator'. For more info, see Global Styling Hooks on lightningdesignsystem.com.","https://developer.salesforce.com/docs/platform/slds-linter/guide/reference-rules.html#lwc-token-to-slds-hook"
"@salesforce-ux/slds/lwc-token-to-slds-hook","eslint",3,"Recommended,SLDS,ErrorProne,CSS,Fixable","apps\salesforce\force-app\main\default\lwc\docEngineFiller\docEngineFiller.css",23,14,23,50,"The '--lwc-colorTextDefault' design token is deprecated. Replace it with the SLDS 2 '--slds-g-color-on-surface-3' styling hook and set the fallback to '--lwc-colorTextDefault'. For more info, see Global Styling Hooks on lightningdesignsystem.com.","https://developer.salesforce.com/docs/platform/slds-linter/guide/reference-rules.html#lwc-token-to-slds-hook"
"@salesforce-ux/slds/lwc-token-to-slds-hook","eslint",3,"Recommended,SLDS,ErrorProne,CSS,Fixable","apps\salesforce\force-app\main\default\lwc\docEngineFiller\docEngineFiller.css",24,19,24,55,"The '--lwc-colorTextDefault' design token is deprecated. Replace it with the SLDS 2 '--slds-g-color-on-surface-3' styling hook and set the fallback to '--lwc-colorTextDefault'. For more info, see Global Styling Hooks on lightningdesignsystem.com.","https://developer.salesforce.com/docs/platform/slds-linter/guide/reference-rules.html#lwc-token-to-slds-hook"
"@salesforce-ux/slds/lwc-token-to-slds-hook","eslint",3,"Recommended,SLDS,ErrorProne,CSS,Fixable","apps\salesforce\force-app\main\default\lwc\docEngineFiller\docEngineFiller.css",25,20,25,51,"The '--lwc-colorTextLabel' design token is deprecated. Replace it with the SLDS 2 '--slds-g-color-info-1' styling hook and set the fallback to '--lwc-colorTextLabel'. For more info, see Global Styling Hooks on lightningdesignsystem.com.","https://developer.salesforce.com/docs/platform/slds-linter/guide/reference-rules.html#lwc-token-to-slds-hook"
"@salesforce-ux/slds/lwc-token-to-slds-hook","eslint",3,"Recommended,SLDS,ErrorProne,CSS,Fixable","apps\salesforce\force-app\main\default\lwc\docEngineFiller\docEngineFiller.css",27,26,27,68,"The '--lwc-colorTextInputDisabled' design token is deprecated. Replace it with the SLDS 2 '--slds-g-color-neutral-base-30' styling hook and set the fallback to '--lwc-colorTextInputDisabled'. For more info, see Global Styling Hooks on lightningdesignsystem.com.","https://developer.salesforce.com/docs/platform/slds-linter/guide/reference-rules.html#lwc-token-to-slds-hook"
"@salesforce-ux/slds/lwc-token-to-slds-hook","eslint",3,"Recommended,SLDS,ErrorProne,CSS,Fixable","apps\salesforce\force-app\main\default\lwc\docEngineFiller\docEngineFiller.css",29,21,29,53,"The '--lwc-brandPrimary' design token is deprecated. Replace it with the SLDS 2 '--slds-g-color-accent-1' styling hook and set the fallback to '--lwc-brandPrimary'. For more info, see Global Styling Hooks on lightningdesignsystem.com.","https://developer.salesforce.com/docs/platform/slds-linter/guide/reference-rules.html#lwc-token-to-slds-hook"
"@salesforce-ux/slds/lwc-token-to-slds-hook","eslint",3,"Recommended,SLDS,ErrorProne,CSS,Fixable","apps\salesforce\force-app\main\default\lwc\docEngineFiller\docEngineFiller.css",30,27,30,59,"The '--lwc-brandPrimary' design token is deprecated. Replace it with the SLDS 2 '--slds-g-color-accent-1' styling hook and set the fallback to '--lwc-brandPrimary'. For more info, see Global Styling Hooks on lightningdesignsystem.com.","https://developer.salesforce.com/docs/platform/slds-linter/guide/reference-rules.html#lwc-token-to-slds-hook"
"@salesforce-ux/slds/lwc-token-to-slds-hook","eslint",3,"Recommended,SLDS,ErrorProne,CSS,Fixable","apps\salesforce\force-app\main\default\lwc\docEngineFiller\docEngineFiller.css",31,24,31,56,"The '--lwc-brandPrimary' design token is deprecated. Replace it with the SLDS 2 '--slds-g-color-accent-1' styling hook and set the fallback to '--lwc-brandPrimary'. For more info, see Global Styling Hooks on lightningdesignsystem.com.","https://developer.salesforce.com/docs/platform/slds-linter/guide/reference-rules.html#lwc-token-to-slds-hook"
"@salesforce-ux/slds/lwc-token-to-slds-hook","eslint",3,"Recommended,SLDS,ErrorProne,CSS,Fixable","apps\salesforce\force-app\main\default\lwc\docEngineFiller\docEngineFiller.css",33,21,33,80,"The '--lwc-fontFamily' design token is deprecated. Replace it with the SLDS 2 '--slds-g-font-family-base' styling hook and set the fallback to '--lwc-fontFamily'. For more info, see Global Styling Hooks on lightningdesignsystem.com.","https://developer.salesforce.com/docs/platform/slds-linter/guide/reference-rules.html#lwc-token-to-slds-hook"
"@salesforce-ux/slds/lwc-token-to-slds-hook","eslint",3,"Recommended,SLDS,ErrorProne,CSS,Fixable","apps\salesforce\force-app\main\default\lwc\docEngineFiller\docEngineFiller.css",34,19,34,57,"The '--lwc-borderRadiusMedium' design token is deprecated. Replace it with the SLDS 2 '--slds-g-radius-border-2' styling hook and set the fallback to '--lwc-borderRadiusMedium'. For more info, see Global Styling Hooks on lightningdesignsystem.com.","https://developer.salesforce.com/docs/platform/slds-linter/guide/reference-rules.html#lwc-token-to-slds-hook"
"@salesforce-ux/slds/lwc-token-to-slds-hook","eslint",3,"Recommended,SLDS,ErrorProne,CSS,Fixable","apps\salesforce\force-app\main\default\lwc\docEngineFiller\docEngineFiller.css",35,19,35,57,"The '--lwc-borderRadiusMedium' design token is deprecated. Replace it with the SLDS 2 '--slds-g-radius-border-2' styling hook and set the fallback to '--lwc-borderRadiusMedium'. For more info, see Global Styling Hooks on lightningdesignsystem.com.","https://developer.salesforce.com/docs/platform/slds-linter/guide/reference-rules.html#lwc-token-to-slds-hook"
"@salesforce-ux/slds/lwc-token-to-slds-hook","eslint",3,"Recommended,SLDS,ErrorProne,CSS,Fixable","apps\salesforce\force-app\main\default\lwc\docEngineFiller\docEngineFiller.css",39,21,39,61,"The '--lwc-colorBackgroundShade' design token is deprecated. Replace it with the SLDS 2 '--slds-g-color-surface-2' styling hook and set the fallback to '--lwc-colorBackgroundShade'. For more info, see Global Styling Hooks on lightningdesignsystem.com.","https://developer.salesforce.com/docs/platform/slds-linter/guide/reference-rules.html#lwc-token-to-slds-hook"
"@salesforce-ux/slds/no-hardcoded-values-slds2","eslint",4,"Recommended,SLDS,Design,CSS,Fixable","apps\salesforce\force-app\main\default\lwc\docEngineFiller\docEngineFiller.css",43,15,43,19,"Consider replacing the 2rem static value with an SLDS 2 styling hook that has a similar value: --slds-g-sizing-9.","https://developer.salesforce.com/docs/platform/slds-linter/guide/reference-rules.html#no-hardcoded-values-slds2"
"@salesforce-ux/slds/no-hardcoded-values-slds2","eslint",4,"Recommended,SLDS,Design,CSS,Fixable","apps\salesforce\force-app\main\default\lwc\docEngineFiller\docEngineFiller.css",47,15,47,20,"Consider replacing the 320px static value with an SLDS 2 styling hook that has a similar value: --slds-g-sizing-15.","https://developer.salesforce.com/docs/platform/slds-linter/guide/reference-rules.html#no-hardcoded-values-slds2"
"@salesforce-ux/slds/no-hardcoded-values-slds2","eslint",4,"Recommended,SLDS,Design,CSS,Fixable","apps\salesforce\force-app\main\default\lwc\docEngineFiller\docEngineFiller.css",60,18,60,25,"Consider replacing the 0.75rem static value with an SLDS 2 styling hook that has a similar value: --slds-g-spacing-3.","https://developer.salesforce.com/docs/platform/slds-linter/guide/reference-rules.html#no-hardcoded-values-slds2"
"no-unused-vars","eslint",2,"Recommended,ErrorProne,JavaScript","apps\salesforce\force-app\main\default\lwc\docEngineFiller\docEngineFiller.js",1,33,1,37,"'wire' is defined but never used.","https://eslint.org/docs/latest/rules/no-unused-vars"
"no-unused-vars","eslint",2,"Recommended,ErrorProne,JavaScript","apps\salesforce\force-app\main\default\lwc\docEngineFiller\docEngineFiller.js",320,16,320,17,"'e' is defined but never used.","https://eslint.org/docs/latest/rules/no-unused-vars"
"@salesforce-ux/slds/no-hardcoded-values-slds2","eslint",4,"Recommended,SLDS,Design,CSS,Fixable","apps\salesforce\force-app\main\default\lwc\docEngineFormLinks\docEngineFormLinks.css",13,14,13,19,"There's no replacement styling hook for the 40rem static value. Remove the static value.","https://developer.salesforce.com/docs/platform/slds-linter/guide/reference-rules.html#no-hardcoded-values-slds2"
"@salesforce-ux/slds/no-hardcoded-values-slds2","eslint",4,"Recommended,SLDS,Design,CSS,Fixable","apps\salesforce\force-app\main\default\lwc\docEngineFormLinks\docEngineFormLinks.css",17,14,17,19,"There's no replacement styling hook for the 22rem static value. Remove the static value.","https://developer.salesforce.com/docs/platform/slds-linter/guide/reference-rules.html#no-hardcoded-values-slds2"
"@salesforce-ux/slds/no-hardcoded-values-slds2","eslint",4,"Recommended,SLDS,Design,CSS,Fixable","apps\salesforce\force-app\main\default\lwc\docEngineFormLinks\docEngineFormLinks.css",21,14,21,21,"Consider replacing the 0.75rem static value with an SLDS 2 styling hook that has a similar value: --slds-g-font-scale-neg-1.","https://developer.salesforce.com/docs/platform/slds-linter/guide/reference-rules.html#no-hardcoded-values-slds2"
"@salesforce-ux/slds/no-hardcoded-values-slds2","eslint",4,"Recommended,SLDS,Design,CSS,Fixable","apps\salesforce\force-app\main\default\lwc\docEngineFormLinks\docEngineFormLinks.css",26,14,26,19,"There's no replacement styling hook for the 0.8em static value. Remove the static value.","https://developer.salesforce.com/docs/platform/slds-linter/guide/reference-rules.html#no-hardcoded-values-slds2"
"no-unused-vars","eslint",2,"Recommended,ErrorProne,JavaScript","apps\salesforce\force-app\main\default\lwc\docEngineFormLinks\docEngineFormLinks.js",212,14,212,15,"'e' is defined but never used.","https://eslint.org/docs/latest/rules/no-unused-vars"
"no-unused-vars","eslint",2,"Recommended,ErrorProne,JavaScript","apps\salesforce\force-app\main\default\lwc\docEngineInstanceList\docEngineInstanceList.js",258,16,258,17,"'e' is defined but never used.","https://eslint.org/docs/latest/rules/no-unused-vars"
"no-unused-vars","eslint",2,"Recommended,ErrorProne,JavaScript","apps\salesforce\force-app\main\default\lwc\docEngineInstanceList\docEngineInstanceList.js",295,14,295,15,"'e' is defined but never used.","https://eslint.org/docs/latest/rules/no-unused-vars"
"no-unused-vars","eslint",2,"Recommended,ErrorProne,JavaScript","apps\salesforce\force-app\main\default\lwc\docEngineLib\docEngineLib.js",74,12,74,13,"'e' is defined but never used.","https://eslint.org/docs/latest/rules/no-unused-vars"
"no-unused-vars","eslint",2,"Recommended,ErrorProne,JavaScript","apps\salesforce\force-app\main\default\lwc\docEngineLib\docEngineLib.js",88,12,88,13,"'e' is defined but never used.","https://eslint.org/docs/latest/rules/no-unused-vars"
"no-unused-vars","eslint",2,"Recommended,ErrorProne,JavaScript","apps\salesforce\force-app\main\default\lwc\docEngineLib\docEngineLib.js",109,16,109,17,"'e' is defined but never used.","https://eslint.org/docs/latest/rules/no-unused-vars"
"no-unused-vars","eslint",2,"Recommended,ErrorProne,JavaScript","apps\salesforce\force-app\main\default\lwc\docEngineLib\docEngineLib.js",130,12,130,13,"'e' is defined but never used.","https://eslint.org/docs/latest/rules/no-unused-vars"
"no-unused-vars","eslint",2,"Recommended,ErrorProne,JavaScript","apps\salesforce\force-app\main\default\lwc\docEngineLib\docEngineLib.js",463,12,463,13,"'e' is defined but never used.","https://eslint.org/docs/latest/rules/no-unused-vars"
"no-useless-escape","eslint",3,"Recommended,BestPractices,JavaScript,TypeScript","apps\salesforce\force-app\main\default\lwc\docEngineLib\docEngineLib.js",624,12,624,13,"Unnecessary escape character: \-.","https://eslint.org/docs/latest/rules/no-useless-escape"
"no-useless-escape","eslint",3,"Recommended,BestPractices,JavaScript,TypeScript","apps\salesforce\force-app\main\default\lwc\docEngineLib\docEngineLib.js",624,14,624,15,"Unnecessary escape character: \/.","https://eslint.org/docs/latest/rules/no-useless-escape"
"no-useless-escape","eslint",3,"Recommended,BestPractices,JavaScript,TypeScript","apps\salesforce\force-app\main\default\lwc\docEngineLib\docEngineLib.js",628,42,628,43,"Unnecessary escape character: \-.","https://eslint.org/docs/latest/rules/no-useless-escape"
"no-useless-escape","eslint",3,"Recommended,BestPractices,JavaScript,TypeScript","apps\salesforce\force-app\main\default\lwc\docEngineLib\docEngineLib.js",628,44,628,45,"Unnecessary escape character: \/.","https://eslint.org/docs/latest/rules/no-useless-escape"
"@lwc/lwc/no-inner-html","eslint",2,"Recommended,LWC,Security,JavaScript","apps\salesforce\force-app\main\default\lwc\docEngineLib\docEngineLib.js",645,40,645,49,"Using 'innerHTML/outputHTML/insertAdjacentHTML' is not allowed","https://github.com/salesforce/eslint-plugin-lwc/blob/v3.5.0/docs/rules/no-inner-html.md"
"no-unused-vars","eslint",2,"Recommended,ErrorProne,JavaScript","apps\salesforce\force-app\main\default\lwc\docEngineLib\docEngineLib.js",781,15,781,31,"'_catalogsIgnored' is assigned a value but never used.","https://eslint.org/docs/latest/rules/no-unused-vars"
"no-unused-vars","eslint",2,"Recommended,ErrorProne,JavaScript","apps\salesforce\force-app\main\default\lwc\docEngineLib\docEngineLib.js",898,12,898,13,"'e' is defined but never used.","https://eslint.org/docs/latest/rules/no-unused-vars"
"no-unused-vars","eslint",2,"Recommended,ErrorProne,JavaScript","apps\salesforce\force-app\main\default\lwc\docEngineLib\docEngineLib.js",912,12,912,13,"'e' is defined but never used.","https://eslint.org/docs/latest/rules/no-unused-vars"
"@salesforce-ux/slds/no-hardcoded-values-slds2","eslint",4,"Recommended,SLDS,Design,CSS,Fixable","apps\salesforce\force-app\main\default\lwc\docEngineModal\docEngineModal.css",6,10,6,14,"There's no replacement styling hook for the 100% static value. Remove the static value.","https://developer.salesforce.com/docs/platform/slds-linter/guide/reference-rules.html#no-hardcoded-values-slds2"
"@salesforce-ux/slds/no-hardcoded-values-slds2","eslint",4,"Recommended,SLDS,Design,CSS,Fixable","apps\salesforce\force-app\main\default\lwc\docEngineModal\docEngineModal.css",17,15,17,19,"Consider replacing the 4rem static value with an SLDS 2 styling hook that has a similar value: --slds-g-sizing-11.","https://developer.salesforce.com/docs/platform/slds-linter/guide/reference-rules.html#no-hardcoded-values-slds2"
"@salesforce-ux/slds/no-hardcoded-values-slds2","eslint",4,"Recommended,SLDS,Design,CSS,Fixable","apps\salesforce\force-app\main\default\lwc\docEngineModal\docEngineModal.css",25,10,25,13,"Consider replacing the 1px static value with an SLDS 2 styling hook that has a similar value: --slds-g-sizing-border-1.","https://developer.salesforce.com/docs/platform/slds-linter/guide/reference-rules.html#no-hardcoded-values-slds2"
"@salesforce-ux/slds/no-hardcoded-values-slds2","eslint",4,"Recommended,SLDS,Design,CSS,Fixable","apps\salesforce\force-app\main\default\lwc\docEngineModal\docEngineModal.css",26,11,26,14,"Consider replacing the 1px static value with an SLDS 2 styling hook that has a similar value: --slds-g-sizing-border-1.","https://developer.salesforce.com/docs/platform/slds-linter/guide/reference-rules.html#no-hardcoded-values-slds2"
"@salesforce-ux/slds/no-hardcoded-values-slds2","eslint",4,"Recommended,SLDS,Design,CSS,Fixable","apps\salesforce\force-app\main\default\lwc\docEngineModal\docEngineModal.css",28,11,28,15,"There's no replacement styling hook for the -1px static value. Remove the static value.","https://developer.salesforce.com/docs/platform/slds-linter/guide/reference-rules.html#no-hardcoded-values-slds2"
"@salesforce-ux/slds/lwc-token-to-slds-hook","eslint",3,"Recommended,SLDS,ErrorProne,CSS,Fixable","apps\salesforce\force-app\main\default\lwc\docEngineModal\docEngineModal.css",44,15,44,50,"The '--lwc-colorBackground' design token is deprecated. Replace it with the SLDS 2 '
1. --slds-g-color-surface-2
2. --slds-g-color-surface-container-2' styling hook and set the fallback to '--lwc-colorBackground'. For more info, see Global Styling Hooks on lightningdesignsystem.com.","https://developer.salesforce.com/docs/platform/slds-linter/guide/reference-rules.html#lwc-token-to-slds-hook"
"@salesforce-ux/slds/no-hardcoded-values-slds2","eslint",4,"Recommended,SLDS,Design,CSS,Fixable","apps\salesforce\force-app\main\default\lwc\docEngineModal\docEngineModal.css",45,12,45,16,"Consider replacing the 16px static value with an SLDS 2 styling hook that has a similar value: --slds-g-spacing-4.","https://developer.salesforce.com/docs/platform/slds-linter/guide/reference-rules.html#no-hardcoded-values-slds2"
"@salesforce-ux/slds/no-hardcoded-values-slds2","eslint",4,"Recommended,SLDS,Design,CSS,Fixable","apps\salesforce\force-app\main\default\lwc\docEngineModal\docEngineModal.css",45,17,45,21,"Consider replacing the 12px static value with an SLDS 2 styling hook that has a similar value: --slds-g-spacing-3.","https://developer.salesforce.com/docs/platform/slds-linter/guide/reference-rules.html#no-hardcoded-values-slds2"
"@salesforce-ux/slds/no-hardcoded-values-slds2","eslint",4,"Recommended,SLDS,Design,CSS,Fixable","apps\salesforce\force-app\main\default\lwc\docEngineModal\docEngineModal.css",45,22,45,26,"Consider replacing the 24px static value with an SLDS 2 styling hook that has a similar value: --slds-g-spacing-5.","https://developer.salesforce.com/docs/platform/slds-linter/guide/reference-rules.html#no-hardcoded-values-slds2"
"@salesforce-ux/slds/lwc-token-to-slds-hook","eslint",3,"Recommended,SLDS,ErrorProne,CSS,Fixable","apps\salesforce\force-app\main\default\lwc\docEngineModal\docEngineModal.css",57,15,57,50,"The '--lwc-colorBackgroundAlt' design token is deprecated. Replace it with the SLDS 2 '
1. --slds-g-color-surface-1
2. --slds-g-color-surface-container-1' styling hook and set the fallback to '--lwc-colorBackgroundAlt'. For more info, see Global Styling Hooks on lightningdesignsystem.com.","https://developer.salesforce.com/docs/platform/slds-linter/guide/reference-rules.html#lwc-token-to-slds-hook"
"@salesforce-ux/slds/no-hardcoded-values-slds2","eslint",4,"Recommended,SLDS,Design,CSS,Fixable","apps\salesforce\force-app\main\default\lwc\docEngineModal\docEngineModal.css",58,11,58,14,"Consider replacing the 1px static value with an SLDS 2 styling hook that has a similar value: --slds-g-sizing-border-1.","https://developer.salesforce.com/docs/platform/slds-linter/guide/reference-rules.html#no-hardcoded-values-slds2"
"@salesforce-ux/slds/lwc-token-to-slds-hook","eslint",3,"Recommended,SLDS,ErrorProne,CSS,Fixable","apps\salesforce\force-app\main\default\lwc\docEngineModal\docEngineModal.css",58,21,58,52,"The '--lwc-colorBorder' design token is deprecated. Replace it with the SLDS 2 '--slds-g-color-neutral-base-90' styling hook and set the fallback to '--lwc-colorBorder'. For more info, see Global Styling Hooks on lightningdesignsystem.com.","https://developer.salesforce.com/docs/platform/slds-linter/guide/reference-rules.html#lwc-token-to-slds-hook"
"@salesforce-ux/slds/no-hardcoded-values-slds2","eslint",4,"Recommended,SLDS,Design,CSS,Fixable","apps\salesforce\force-app\main\default\lwc\docEngineModal\docEngineModal.css",59,18,59,21,"There's no replacement styling hook for the 2px static value. Remove the static value.","https://developer.salesforce.com/docs/platform/slds-linter/guide/reference-rules.html#no-hardcoded-values-slds2"
"@salesforce-ux/slds/no-hardcoded-values-slds2","eslint",4,"Recommended,SLDS,Design,CSS,Fixable","apps\salesforce\force-app\main\default\lwc\docEngineModal\docEngineModal.css",71,15,71,19,"Consider replacing the 4rem static value with an SLDS 2 styling hook that has a similar value: --slds-g-sizing-11.","https://developer.salesforce.com/docs/platform/slds-linter/guide/reference-rules.html#no-hardcoded-values-slds2"
"@salesforce-ux/slds/no-hardcoded-values-slds2","eslint",4,"Recommended,SLDS,Design,CSS,Fixable","apps\salesforce\force-app\main\default\lwc\docEngineModal\docEngineModal.css",97,10,97,14,"There's no replacement styling hook for the 100% static value. Remove the static value.","https://developer.salesforce.com/docs/platform/slds-linter/guide/reference-rules.html#no-hardcoded-values-slds2"
"@lwc/lwc/no-async-operation","eslint",3,"Recommended,LWC,BestPractices,JavaScript","apps\salesforce\force-app\main\default\lwc\docEngineModal\docEngineModal.js",312,38,312,60,"Restricted async operation ""setTimeout""","https://github.com/salesforce/eslint-plugin-lwc/blob/v3.5.0/docs/rules/no-async-operation.md"
"no-unused-vars","eslint",2,"Recommended,ErrorProne,JavaScript","apps\salesforce\force-app\main\default\lwc\docEngineModal\docEngineModal.js",474,14,474,15,"'e' is defined but never used.","https://eslint.org/docs/latest/rules/no-unused-vars"
"no-unused-vars","eslint",2,"Recommended,ErrorProne,JavaScript","apps\salesforce\force-app\main\default\lwc\docEngineModal\docEngineModal.js",517,14,517,15,"'e' is defined but never used.","https://eslint.org/docs/latest/rules/no-unused-vars"
"no-unused-vars","eslint",2,"Recommended,ErrorProne,JavaScript","apps\salesforce\force-app\main\default\lwc\docEngineModal\docEngineModal.js",530,14,530,15,"'e' is defined but never used.","https://eslint.org/docs/latest/rules/no-unused-vars"
"no-unused-vars","eslint",2,"Recommended,ErrorProne,JavaScript","apps\salesforce\force-app\main\default\lwc\docEngineModal\docEngineModal.js",598,14,598,15,"'e' is defined but never used.","https://eslint.org/docs/latest/rules/no-unused-vars"
"no-unused-vars","eslint",2,"Recommended,ErrorProne,JavaScript","apps\salesforce\force-app\main\default\lwc\docEngineModal\docEngineModal.js",648,14,648,15,"'e' is defined but never used.","https://eslint.org/docs/latest/rules/no-unused-vars"
"no-unused-vars","eslint",2,"Recommended,ErrorProne,JavaScript","apps\salesforce\force-app\main\default\lwc\docEngineModal\docEngineModal.js",667,16,667,17,"'e' is defined but never used.","https://eslint.org/docs/latest/rules/no-unused-vars"
"no-unused-vars","eslint",2,"Recommended,ErrorProne,JavaScript","apps\salesforce\force-app\main\default\lwc\docEngineModal\docEngineModal.js",774,16,774,17,"'e' is defined but never used.","https://eslint.org/docs/latest/rules/no-unused-vars"
"@lwc/lwc/no-api-reassignments","eslint",3,"Recommended,LWC,BestPractices,JavaScript","apps\salesforce\force-app\main\default\lwc\docEngineModal\docEngineModal.js",808,7,808,46,"Invalid reassignment of public property ""hideEmpty""","https://github.com/salesforce/eslint-plugin-lwc/blob/v3.5.0/docs/rules/no-api-reassignments.md"
"@lwc/lwc/no-api-reassignments","eslint",3,"Recommended,LWC,BestPractices,JavaScript","apps\salesforce\force-app\main\default\lwc\docEngineModal\docEngineModal.js",811,7,811,61,"Invalid reassignment of public property ""exportMode""","https://github.com/salesforce/eslint-plugin-lwc/blob/v3.5.0/docs/rules/no-api-reassignments.md"
"@salesforce-ux/slds/no-hardcoded-values-slds2","eslint",4,"Recommended,SLDS,Design,CSS,Fixable","apps\salesforce\force-app\main\default\lwc\docEnginePublicForm\docEnginePublicForm.css",3,14,3,19,"There's no replacement styling hook for the 52rem static value. Remove the static value.","https://developer.salesforce.com/docs/platform/slds-linter/guide/reference-rules.html#no-hardcoded-values-slds2"
"@salesforce-ux/slds/no-hardcoded-values-slds2","eslint",4,"Recommended,SLDS,Design,CSS,Fixable","apps\salesforce\force-app\main\default\lwc\docEnginePublicForm\docEnginePublicForm.css",5,12,5,16,"Consider replacing the 1rem static value with an SLDS 2 styling hook that has a similar value: --slds-g-spacing-4.","https://developer.salesforce.com/docs/platform/slds-linter/guide/reference-rules.html#no-hardcoded-values-slds2"
"@salesforce-ux/slds/no-hardcoded-values-slds2","eslint",4,"Recommended,SLDS,Design,CSS,Fixable","apps\salesforce\force-app\main\default\lwc\docEnginePublicForm\docEnginePublicForm.css",5,17,5,24,"There's no replacement styling hook for the 1.25rem static value. Remove the static value.","https://developer.salesforce.com/docs/platform/slds-linter/guide/reference-rules.html#no-hardcoded-values-slds2"
"@salesforce-ux/slds/no-hardcoded-values-slds2","eslint",4,"Recommended,SLDS,Design,CSS,Fixable","apps\salesforce\force-app\main\default\lwc\docEnginePublicForm\docEnginePublicForm.css",5,25,5,29,"Consider replacing the 2rem static value with an SLDS 2 styling hook that has a similar value: --slds-g-spacing-6.","https://developer.salesforce.com/docs/platform/slds-linter/guide/reference-rules.html#no-hardcoded-values-slds2"
"@salesforce-ux/slds/lwc-token-to-slds-hook","eslint",3,"Recommended,SLDS,ErrorProne,CSS,Fixable","apps\salesforce\force-app\main\default\lwc\docEnginePublicForm\docEnginePublicForm.css",6,16,6,75,"The '--lwc-fontFamily' design token is deprecated. Replace it with the SLDS 2 '--slds-g-font-family-base' styling hook and set the fallback to '--lwc-fontFamily'. For more info, see Global Styling Hooks on lightningdesignsystem.com.","https://developer.salesforce.com/docs/platform/slds-linter/guide/reference-rules.html#lwc-token-to-slds-hook"
"@salesforce-ux/slds/no-hardcoded-values-slds2","eslint",4,"Recommended,SLDS,Design,CSS,Fixable","apps\salesforce\force-app\main\default\lwc\docEnginePublicForm\docEnginePublicForm.css",7,10,7,17,"Consider replacing the #181818 static value with an SLDS 2 styling hook that has a similar value: 
1. --slds-g-color-on-surface-2
2. --slds-g-color-neutral-base-10
3. --slds-g-color-neutral-base-15
4. --slds-g-color-neutral-base-0
5. --slds-g-color-neutral-base-20.","https://developer.salesforce.com/docs/platform/slds-linter/guide/reference-rules.html#no-hardcoded-values-slds2"
"@salesforce-ux/slds/no-hardcoded-values-slds2","eslint",4,"Recommended,SLDS,Design,CSS,Fixable","apps\salesforce\force-app\main\default\lwc\docEnginePublicForm\docEnginePublicForm.css",17,18,17,25,"Consider replacing the 0.25rem static value with an SLDS 2 styling hook that has a similar value: --slds-g-spacing-1.","https://developer.salesforce.com/docs/platform/slds-linter/guide/reference-rules.html#no-hardcoded-values-slds2"
"@salesforce-ux/slds/no-hardcoded-values-slds2","eslint",4,"Recommended,SLDS,Design,CSS,Fixable","apps\salesforce\force-app\main\default\lwc\docEnginePublicForm\docEnginePublicForm.css",22,14,22,20,"Consider replacing the 1.5rem static value with an SLDS 2 styling hook that has a similar value: --slds-g-font-scale-4.","https://developer.salesforce.com/docs/platform/slds-linter/guide/reference-rules.html#no-hardcoded-values-slds2"
"@salesforce-ux/slds/no-hardcoded-values-slds2","eslint",4,"Recommended,SLDS,Design,CSS,Fixable","apps\salesforce\force-app\main\default\lwc\docEnginePublicForm\docEnginePublicForm.css",23,16,23,19,"Consider replacing the 700 static value with an SLDS 2 styling hook that has a similar value: --slds-g-font-weight-7.","https://developer.salesforce.com/docs/platform/slds-linter/guide/reference-rules.html#no-hardcoded-values-slds2"
"@salesforce-ux/slds/no-hardcoded-values-slds2","eslint",4,"Recommended,SLDS,Design,CSS,Fixable","apps\salesforce\force-app\main\default\lwc\docEnginePublicForm\docEnginePublicForm.css",24,16,24,20,"Consider replacing the 1.25 static value with an SLDS 2 styling hook that has a similar value: --slds-g-font-line-height-2.","https://developer.salesforce.com/docs/platform/slds-linter/guide/reference-rules.html#no-hardcoded-values-slds2"
"@salesforce-ux/slds/no-hardcoded-values-slds2","eslint",4,"Recommended,SLDS,Design,CSS,Fixable","apps\salesforce\force-app\main\default\lwc\docEnginePublicForm\docEnginePublicForm.css",28,11,28,18,"There's no replacement styling hook for the 0.35rem static value. Remove the static value.","https://developer.salesforce.com/docs/platform/slds-linter/guide/reference-rules.html#no-hardcoded-values-slds2"
"@salesforce-ux/slds/no-hardcoded-values-slds2","eslint",4,"Recommended,SLDS,Design,CSS,Fixable","apps\salesforce\force-app\main\default\lwc\docEnginePublicForm\docEnginePublicForm.css",29,10,29,17,"Consider replacing the #5c5c5c static value with an SLDS 2 styling hook that has a similar value: 
1. --slds-g-color-on-surface-1
2. --slds-g-color-neutral-base-40
3. --slds-g-color-neutral-base-30
4. --slds-g-color-neutral-base-50
5. --slds-g-color-on-disabled-1.","https://developer.salesforce.com/docs/platform/slds-linter/guide/reference-rules.html#no-hardcoded-values-slds2"
"@salesforce-ux/slds/no-hardcoded-values-slds2","eslint",4,"Recommended,SLDS,Design,CSS,Fixable","apps\salesforce\force-app\main\default\lwc\docEnginePublicForm\docEnginePublicForm.css",30,14,30,23,"There's no replacement styling hook for the 0.9375rem static value. Remove the static value.","https://developer.salesforce.com/docs/platform/slds-linter/guide/reference-rules.html#no-hardcoded-values-slds2"
"@salesforce-ux/slds/no-hardcoded-values-slds2","eslint",4,"Recommended,SLDS,Design,CSS,Fixable","apps\salesforce\force-app\main\default\lwc\docEnginePublicForm\docEnginePublicForm.css",35,12,35,18,"Consider replacing the 2.5rem static value with an SLDS 2 styling hook that has a similar value: --slds-g-spacing-7.","https://developer.salesforce.com/docs/platform/slds-linter/guide/reference-rules.html#no-hardcoded-values-slds2"
"@salesforce-ux/slds/no-hardcoded-values-slds2","eslint",4,"Recommended,SLDS,Design,CSS,Fixable","apps\salesforce\force-app\main\default\lwc\docEnginePublicForm\docEnginePublicForm.css",35,19,35,23,"Consider replacing the 1rem static value with an SLDS 2 styling hook that has a similar value: --slds-g-spacing-4.","https://developer.salesforce.com/docs/platform/slds-linter/guide/reference-rules.html#no-hardcoded-values-slds2"
"@salesforce-ux/slds/no-hardcoded-values-slds2","eslint",4,"Recommended,SLDS,Design,CSS,Fixable","apps\salesforce\force-app\main\default\lwc\docEnginePublicForm\docEnginePublicForm.css",39,10,39,17,"Consider replacing the #ba0517 static value with an SLDS 2 styling hook that has a similar value: 
1. --slds-g-color-palette-red-40
2. --slds-g-color-palette-hot-orange-40
3. --slds-g-color-palette-red-30
4. --slds-g-color-palette-red-50.","https://developer.salesforce.com/docs/platform/slds-linter/guide/reference-rules.html#no-hardcoded-values-slds2"
"@salesforce-ux/slds/no-hardcoded-values-slds2","eslint",4,"Recommended,SLDS,Design,CSS,Fixable","apps\salesforce\force-app\main\default\lwc\docEnginePublicForm\docEnginePublicForm.css",43,10,43,17,"Consider replacing the #2e844a static value with an SLDS 2 styling hook that has a similar value: --slds-g-color-palette-green-50.","https://developer.salesforce.com/docs/platform/slds-linter/guide/reference-rules.html#no-hardcoded-values-slds2"
"@salesforce-ux/slds/lwc-token-to-slds-hook","eslint",3,"Recommended,SLDS,ErrorProne,CSS,Fixable","apps\salesforce\force-app\main\default\lwc\docEnginePublicForm\docEnginePublicForm.css",54,21,54,80,"The '--lwc-fontFamily' design token is deprecated. Replace it with the SLDS 2 '--slds-g-font-family-base' styling hook and set the fallback to '--lwc-fontFamily'. For more info, see Global Styling Hooks on lightningdesignsystem.com.","https://developer.salesforce.com/docs/platform/slds-linter/guide/reference-rules.html#lwc-token-to-slds-hook"
"@salesforce-ux/slds/no-hardcoded-values-slds2","eslint",4,"Recommended,SLDS,Design,CSS,Fixable","apps\salesforce\force-app\main\default\lwc\docEnginePublicForm\docEnginePublicForm.css",57,15,57,20,"There's no replacement styling hook for the 280px static value. Remove the static value.","https://developer.salesforce.com/docs/platform/slds-linter/guide/reference-rules.html#no-hardcoded-values-slds2"
"@salesforce-ux/slds/no-hardcoded-values-slds2","eslint",4,"Recommended,SLDS,Design,CSS,Fixable","apps\salesforce\force-app\main\default\lwc\docEnginePublicForm\docEnginePublicForm.css",58,15,58,19,"Consider replacing the #fff static value with an SLDS 2 styling hook that has a similar value: 
1. --slds-g-color-surface-1
2. --slds-g-color-surface-container-1
3. --slds-g-color-on-accent-1
4. --slds-g-color-on-accent-2
5. --slds-g-color-on-accent-3.","https://developer.salesforce.com/docs/platform/slds-linter/guide/reference-rules.html#no-hardcoded-values-slds2"
"@salesforce-ux/slds/no-hardcoded-values-slds2","eslint",4,"Recommended,SLDS,Design,CSS,Fixable","apps\salesforce\force-app\main\default\lwc\docEnginePublicForm\docEnginePublicForm.css",59,11,59,14,"Consider replacing the 1px static value with an SLDS 2 styling hook that has a similar value: --slds-g-sizing-border-1.","https://developer.salesforce.com/docs/platform/slds-linter/guide/reference-rules.html#no-hardcoded-values-slds2"
"@salesforce-ux/slds/no-hardcoded-values-slds2","eslint",4,"Recommended,SLDS,Design,CSS,Fixable","apps\salesforce\force-app\main\default\lwc\docEnginePublicForm\docEnginePublicForm.css",59,21,59,28,"Consider replacing the #e5e5e5 static value with an SLDS 2 styling hook that has a similar value: 
1. --slds-g-color-border-1
2. --slds-g-color-border-inverse-1
3. --slds-g-color-disabled-container-1
4. --slds-g-color-disabled-container-2
5. --slds-g-color-error-base-95.","https://developer.salesforce.com/docs/platform/slds-linter/guide/reference-rules.html#no-hardcoded-values-slds2"
"@salesforce-ux/slds/no-hardcoded-values-slds2","eslint",4,"Recommended,SLDS,Design,CSS,Fixable","apps\salesforce\force-app\main\default\lwc\docEnginePublicForm\docEnginePublicForm.css",60,18,60,25,"There's no replacement styling hook for the 0.35rem static value. Remove the static value.","https://developer.salesforce.com/docs/platform/slds-linter/guide/reference-rules.html#no-hardcoded-values-slds2"
"@salesforce-ux/slds/no-hardcoded-values-slds2","eslint",4,"Recommended,SLDS,Design,CSS,Fixable","apps\salesforce\force-app\main\default\lwc\docEnginePublicForm\docEnginePublicForm.css",61,12,61,19,"Consider replacing the 0.75rem static value with an SLDS 2 styling hook that has a similar value: --slds-g-spacing-3.","https://developer.salesforce.com/docs/platform/slds-linter/guide/reference-rules.html#no-hardcoded-values-slds2"
"@salesforce-ux/slds/no-hardcoded-values-slds2","eslint",4,"Recommended,SLDS,Design,CSS,Fixable","apps\salesforce\force-app\main\default\lwc\docEnginePublicForm\docEnginePublicForm.css",69,16,69,22,"Consider replacing the 0.5rem static value with an SLDS 2 styling hook that has a similar value: --slds-g-spacing-2.","https://developer.salesforce.com/docs/platform/slds-linter/guide/reference-rules.html#no-hardcoded-values-slds2"
"@salesforce-ux/slds/no-hardcoded-values-slds2","eslint",4,"Recommended,SLDS,Design,CSS,Fixable","apps\salesforce\force-app\main\default\lwc\docEnginePublicForm\docEnginePublicForm.css",74,10,74,17,"Consider replacing the #5c5c5c static value with an SLDS 2 styling hook that has a similar value: 
1. --slds-g-color-on-surface-1
2. --slds-g-color-neutral-base-40
3. --slds-g-color-neutral-base-30
4. --slds-g-color-neutral-base-50
5. --slds-g-color-on-disabled-1.","https://developer.salesforce.com/docs/platform/slds-linter/guide/reference-rules.html#no-hardcoded-values-slds2"
"@salesforce-ux/slds/no-hardcoded-values-slds2","eslint",4,"Recommended,SLDS,Design,CSS,Fixable","apps\salesforce\force-app\main\default\lwc\docEnginePublicForm\docEnginePublicForm.css",75,14,75,22,"Consider replacing the 0.875rem static value with an SLDS 2 styling hook that has a similar value: --slds-g-font-scale-1.","https://developer.salesforce.com/docs/platform/slds-linter/guide/reference-rules.html#no-hardcoded-values-slds2"
"no-unused-vars","eslint",2,"Recommended,ErrorProne,JavaScript","apps\salesforce\force-app\main\default\lwc\docEnginePublicForm\docEnginePublicForm.js",111,18,111,19,"'e' is defined but never used.","https://eslint.org/docs/latest/rules/no-unused-vars"
"no-unused-vars","eslint",2,"Recommended,ErrorProne,JavaScript","apps\salesforce\force-app\main\default\lwc\docEnginePublicForm\docEnginePublicForm.js",194,18,194,19,"'e' is defined but never used.","https://eslint.org/docs/latest/rules/no-unused-vars"
"no-unused-vars","eslint",2,"Recommended,ErrorProne,JavaScript","apps\salesforce\force-app\main\default\lwc\docEnginePublicForm\docEnginePublicForm.js",208,16,208,17,"'e' is defined but never used.","https://eslint.org/docs/latest/rules/no-unused-vars"
"no-unused-vars","eslint",2,"Recommended,ErrorProne,JavaScript","apps\salesforce\force-app\main\default\lwc\docEnginePublicForm\docEnginePublicForm.js",223,14,223,15,"'e' is defined but never used.","https://eslint.org/docs/latest/rules/no-unused-vars"
"@salesforce-ux/slds/no-hardcoded-values-slds2","eslint",4,"Recommended,SLDS,Design,CSS,Fixable","apps\salesforce\force-app\main\default\lwc\docEngineRun\docEngineRun.css",2,12,2,19,"Consider replacing the 0.75rem static value with an SLDS 2 styling hook that has a similar value: --slds-g-spacing-3.","https://developer.salesforce.com/docs/platform/slds-linter/guide/reference-rules.html#no-hardcoded-values-slds2"
"@salesforce-ux/slds/no-hardcoded-values-slds2","eslint",4,"Recommended,SLDS,Design,CSS,Fixable","apps\salesforce\force-app\main\default\lwc\docEngineRun\docEngineRun.css",2,20,2,24,"Consider replacing the 1rem static value with an SLDS 2 styling hook that has a similar value: --slds-g-spacing-4.","https://developer.salesforce.com/docs/platform/slds-linter/guide/reference-rules.html#no-hardcoded-values-slds2"
"@salesforce-ux/slds/no-hardcoded-values-slds2","eslint",4,"Recommended,SLDS,Design,CSS,Fixable","apps\salesforce\force-app\main\default\lwc\docEngineRun\docEngineRun.css",3,15,3,19,"Consider replacing the 5rem static value with an SLDS 2 styling hook that has a similar value: --slds-g-sizing-12.","https://developer.salesforce.com/docs/platform/slds-linter/guide/reference-rules.html#no-hardcoded-values-slds2"
"@salesforce-ux/slds/no-hardcoded-values-slds2","eslint",4,"Recommended,SLDS,Design,CSS,Fixable","apps\salesforce\force-app\main\default\lwc\docEngineRun\docEngineRun.css",10,15,10,19,"Consider replacing the 4rem static value with an SLDS 2 styling hook that has a similar value: --slds-g-sizing-11.","https://developer.salesforce.com/docs/platform/slds-linter/guide/reference-rules.html#no-hardcoded-values-slds2"
"@salesforce-ux/slds/no-hardcoded-values-slds2","eslint",4,"Recommended,SLDS,Design,CSS,Fixable","apps\salesforce\force-app\main\default\lwc\docEngineRun\docEngineRun.css",15,18,15,24,"Consider replacing the 0.5rem static value with an SLDS 2 styling hook that has a similar value: --slds-g-spacing-2.","https://developer.salesforce.com/docs/platform/slds-linter/guide/reference-rules.html#no-hardcoded-values-slds2"
"no-unused-vars","eslint",2,"Recommended,ErrorProne,JavaScript","apps\salesforce\force-app\main\default\lwc\docEngineRun\docEngineRun.js",30,12,30,13,"'e' is defined but never used.","https://eslint.org/docs/latest/rules/no-unused-vars"
"no-unused-vars","eslint",2,"Recommended,ErrorProne,JavaScript","apps\salesforce\force-app\main\default\lwc\docEngineRun\docEngineRun.js",246,14,246,15,"'e' is defined but never used.","https://eslint.org/docs/latest/rules/no-unused-vars"
"no-unused-vars","eslint",2,"Recommended,ErrorProne,JavaScript","apps\salesforce\force-app\main\default\lwc\docEngineRun\docEngineRun.js",274,16,274,17,"'e' is defined but never used.","https://eslint.org/docs/latest/rules/no-unused-vars"
"@salesforce-ux/slds/no-hardcoded-values-slds2","eslint",4,"Recommended,SLDS,Design,CSS,Fixable","apps\salesforce\force-app\main\default\lwc\docEngineShareDialog\docEngineShareDialog.css",5,15,5,34,"Consider replacing the rgba(0, 0, 0, 0.35) static value with an SLDS 2 styling hook that has a similar value: 
1. --slds-g-color-neutral-base-0
2. --slds-g-color-neutral-base-10
3. --slds-g-color-neutral-base-15
4. --slds-g-color-palette-neutral-0
5. --slds-g-color-palette-neutral-10.","https://developer.salesforce.com/docs/platform/slds-linter/guide/reference-rules.html#no-hardcoded-values-slds2"
"@salesforce-ux/slds/no-hardcoded-values-slds2","eslint",4,"Recommended,SLDS,Design,CSS,Fixable","apps\salesforce\force-app\main\default\lwc\docEngineShareDialog\docEngineShareDialog.css",13,11,13,15,"There's no replacement styling hook for the 100% static value. Remove the static value.","https://developer.salesforce.com/docs/platform/slds-linter/guide/reference-rules.html#no-hardcoded-values-slds2"
"@salesforce-ux/slds/lwc-token-to-slds-hook","eslint",3,"Recommended,SLDS,ErrorProne,CSS,Fixable","apps\salesforce\force-app\main\default\lwc\docEngineShareDialog\docEngineShareDialog.css",14,15,14,50,"The '--lwc-colorBackgroundAlt' design token is deprecated. Replace it with the SLDS 2 '
1. --slds-g-color-surface-1
2. --slds-g-color-surface-container-1' styling hook and set the fallback to '--lwc-colorBackgroundAlt'. For more info, see Global Styling Hooks on lightningdesignsystem.com.","https://developer.salesforce.com/docs/platform/slds-linter/guide/reference-rules.html#lwc-token-to-slds-hook"
"@salesforce-ux/slds/no-slds-class-overrides","eslint",4,"Recommended,SLDS,BestPractices,CSS","apps\salesforce\force-app\main\default\lwc\docEngineShareDialog\docEngineShareDialog.css",20,14,20,33,"Overriding slds-panel__header isn't supported. To differentiate SLDS and custom classes, create a CSS class in your namespace. Examples: myapp-input, myapp-button","https://developer.salesforce.com/docs/platform/slds-linter/guide/reference-rules.html#no-slds-class-overrides"
"@salesforce-ux/slds/no-hardcoded-values-slds2","eslint",4,"Recommended,SLDS,Design,CSS,Fixable","apps\salesforce\force-app\main\default\lwc\docEngineShareDialog\docEngineShareDialog.css",25,12,25,19,"Consider replacing the 0.75rem static value with an SLDS 2 styling hook that has a similar value: --slds-g-spacing-3.","https://developer.salesforce.com/docs/platform/slds-linter/guide/reference-rules.html#no-hardcoded-values-slds2"
"@salesforce-ux/slds/no-hardcoded-values-slds2","eslint",4,"Recommended,SLDS,Design,CSS,Fixable","apps\salesforce\force-app\main\default\lwc\docEngineShareDialog\docEngineShareDialog.css",25,20,25,24,"Consider replacing the 1rem static value with an SLDS 2 styling hook that has a similar value: --slds-g-spacing-4.","https://developer.salesforce.com/docs/platform/slds-linter/guide/reference-rules.html#no-hardcoded-values-slds2"
"@salesforce-ux/slds/no-hardcoded-values-slds2","eslint",4,"Recommended,SLDS,Design,CSS,Fixable","apps\salesforce\force-app\main\default\lwc\docEngineShareDialog\docEngineShareDialog.css",26,18,26,21,"There's no replacement styling hook for the 1px static value. Remove the static value.","https://developer.salesforce.com/docs/platform/slds-linter/guide/reference-rules.html#no-hardcoded-values-slds2"
"@salesforce-ux/slds/lwc-token-to-slds-hook","eslint",3,"Recommended,SLDS,ErrorProne,CSS,Fixable","apps\salesforce\force-app\main\default\lwc\docEngineShareDialog\docEngineShareDialog.css",26,28,26,59,"The '--lwc-colorBorder' design token is deprecated. Replace it with the SLDS 2 '--slds-g-color-neutral-base-90' styling hook and set the fallback to '--lwc-colorBorder'. For more info, see Global Styling Hooks on lightningdesignsystem.com.","https://developer.salesforce.com/docs/platform/slds-linter/guide/reference-rules.html#lwc-token-to-slds-hook"
"@salesforce-ux/slds/no-slds-class-overrides","eslint",4,"Recommended,SLDS,BestPractices,CSS","apps\salesforce\force-app\main\default\lwc\docEngineShareDialog\docEngineShareDialog.css",29,14,29,31,"Overriding slds-panel__body isn't supported. To differentiate SLDS and custom classes, create a CSS class in your namespace. Examples: myapp-input, myapp-button","https://developer.salesforce.com/docs/platform/slds-linter/guide/reference-rules.html#no-slds-class-overrides"
"@salesforce-ux/slds/no-hardcoded-values-slds2","eslint",4,"Recommended,SLDS,Design,CSS,Fixable","apps\salesforce\force-app\main\default\lwc\docEngineShareDialog\docEngineShareDialog.css",30,12,30,16,"Consider replacing the 1rem static value with an SLDS 2 styling hook that has a similar value: --slds-g-spacing-4.","https://developer.salesforce.com/docs/platform/slds-linter/guide/reference-rules.html#no-hardcoded-values-slds2"
"@salesforce-ux/slds/no-hardcoded-values-slds2","eslint",4,"Recommended,SLDS,Design,CSS,Fixable","apps\salesforce\force-app\main\default\lwc\docEngineShareDialog\docEngineShareDialog.css",36,10,36,14,"There's no replacement styling hook for the 100% static value. Remove the static value.","https://developer.salesforce.com/docs/platform/slds-linter/guide/reference-rules.html#no-hardcoded-values-slds2"
"no-unused-vars","eslint",2,"Recommended,ErrorProne,JavaScript","apps\salesforce\force-app\main\default\lwc\docEngineTemplateAudit\docEngineTemplateAudit.js",31,14,31,15,"'e' is defined but never used.","https://eslint.org/docs/latest/rules/no-unused-vars"
"@salesforce-ux/slds/lwc-token-to-slds-hook","eslint",3,"Recommended,SLDS,ErrorProne,CSS,Fixable","apps\salesforce\force-app\main\default\lwc\docEngineTemplateBuilder\docEngineTemplateBuilder.css",12,17,12,49,"The '--lwc-brandPrimary' design token is deprecated. Replace it with the SLDS 2 '--slds-g-color-accent-1' styling hook and set the fallback to '--lwc-brandPrimary'. For more info, see Global Styling Hooks on lightningdesignsystem.com.","https://developer.salesforce.com/docs/platform/slds-linter/guide/reference-rules.html#lwc-token-to-slds-hook"
"@salesforce-ux/slds/lwc-token-to-slds-hook","eslint",3,"Recommended,SLDS,ErrorProne,CSS,Fixable","apps\salesforce\force-app\main\default\lwc\docEngineTemplateBuilder\docEngineTemplateBuilder.css",13,23,13,61,"The '--lwc-brandPrimaryActive' design token is deprecated. Replace it with the SLDS 2 '--slds-g-color-accent-2' styling hook and set the fallback to '--lwc-brandPrimaryActive'. For more info, see Global Styling Hooks on lightningdesignsystem.com.","https://developer.salesforce.com/docs/platform/slds-linter/guide/reference-rules.html#lwc-token-to-slds-hook"
"@salesforce-ux/slds/lwc-token-to-slds-hook","eslint",3,"Recommended,SLDS,ErrorProne,CSS,Fixable","apps\salesforce\force-app\main\default\lwc\docEngineTemplateBuilder\docEngineTemplateBuilder.css",15,23,15,61,"The '--lwc-brandPrimaryActive' design token is deprecated. Replace it with the SLDS 2 '--slds-g-color-accent-2' styling hook and set the fallback to '--lwc-brandPrimaryActive'. For more info, see Global Styling Hooks on lightningdesignsystem.com.","https://developer.salesforce.com/docs/platform/slds-linter/guide/reference-rules.html#lwc-token-to-slds-hook"
"@salesforce-ux/slds/lwc-token-to-slds-hook","eslint",3,"Recommended,SLDS,ErrorProne,CSS,Fixable","apps\salesforce\force-app\main\default\lwc\docEngineTemplateBuilder\docEngineTemplateBuilder.css",17,19,17,54,"The '--lwc-colorBackgroundAlt' design token is deprecated. Replace it with the SLDS 2 '
1. --slds-g-color-surface-1
2. --slds-g-color-surface-container-1' styling hook and set the fallback to '--lwc-colorBackgroundAlt'. For more info, see Global Styling Hooks on lightningdesignsystem.com.","https://developer.salesforce.com/docs/platform/slds-linter/guide/reference-rules.html#lwc-token-to-slds-hook"
"@salesforce-ux/slds/lwc-token-to-slds-hook","eslint",3,"Recommended,SLDS,ErrorProne,CSS,Fixable","apps\salesforce\force-app\main\default\lwc\docEngineTemplateBuilder\docEngineTemplateBuilder.css",18,20,18,55,"The '--lwc-colorBackground' design token is deprecated. Replace it with the SLDS 2 '
1. --slds-g-color-surface-2
2. --slds-g-color-surface-container-2' styling hook and set the fallback to '--lwc-colorBackground'. For more info, see Global Styling Hooks on lightningdesignsystem.com.","https://developer.salesforce.com/docs/platform/slds-linter/guide/reference-rules.html#lwc-token-to-slds-hook"
"@salesforce-ux/slds/lwc-token-to-slds-hook","eslint",3,"Recommended,SLDS,ErrorProne,CSS,Fixable","apps\salesforce\force-app\main\default\lwc\docEngineTemplateBuilder\docEngineTemplateBuilder.css",19,21,19,64,"The '--lwc-colorBackgroundRowHover' design token is deprecated. Replace it with the SLDS 2 '--slds-g-color-surface-container-2' styling hook and set the fallback to '--lwc-colorBackgroundRowHover'. For more info, see Global Styling Hooks on lightningdesignsystem.com.","https://developer.salesforce.com/docs/platform/slds-linter/guide/reference-rules.html#lwc-token-to-slds-hook"
"@salesforce-ux/slds/lwc-token-to-slds-hook","eslint",3,"Recommended,SLDS,ErrorProne,CSS,Fixable","apps\salesforce\force-app\main\default\lwc\docEngineTemplateBuilder\docEngineTemplateBuilder.css",20,21,20,61,"The '--lwc-colorBackgroundShade' design token is deprecated. Replace it with the SLDS 2 '--slds-g-color-surface-2' styling hook and set the fallback to '--lwc-colorBackgroundShade'. For more info, see Global Styling Hooks on lightningdesignsystem.com.","https://developer.salesforce.com/docs/platform/slds-linter/guide/reference-rules.html#lwc-token-to-slds-hook"
"@salesforce-ux/slds/lwc-token-to-slds-hook","eslint",3,"Recommended,SLDS,ErrorProne,CSS,Fixable","apps\salesforce\force-app\main\default\lwc\docEngineTemplateBuilder\docEngineTemplateBuilder.css",21,21,21,63,"The '--lwc-colorBackgroundStencil' design token is deprecated. Replace it with the SLDS 2 '--slds-g-color-surface-container-2' styling hook and set the fallback to '--lwc-colorBackgroundStencil'. For more info, see Global Styling Hooks on lightningdesignsystem.com.","https://developer.salesforce.com/docs/platform/slds-linter/guide/reference-rules.html#lwc-token-to-slds-hook"
"@salesforce-ux/slds/lwc-token-to-slds-hook","eslint",3,"Recommended,SLDS,ErrorProne,CSS,Fixable","apps\salesforce\force-app\main\default\lwc\docEngineTemplateBuilder\docEngineTemplateBuilder.css",22,23,22,61,"The '--lwc-colorBackgroundAlt' design token is deprecated. Replace it with the SLDS 2 '
1. --slds-g-color-surface-1
2. --slds-g-color-surface-container-1' styling hook and set the fallback to '--lwc-colorBackgroundAlt'. For more info, see Global Styling Hooks on lightningdesignsystem.com.","https://developer.salesforce.com/docs/platform/slds-linter/guide/reference-rules.html#lwc-token-to-slds-hook"
"@salesforce-ux/slds/lwc-token-to-slds-hook","eslint",3,"Recommended,SLDS,ErrorProne,CSS,Fixable","apps\salesforce\force-app\main\default\lwc\docEngineTemplateBuilder\docEngineTemplateBuilder.css",24,16,24,47,"The '--lwc-colorBorder' design token is deprecated. Replace it with the SLDS 2 '--slds-g-color-neutral-base-90' styling hook and set the fallback to '--lwc-colorBorder'. For more info, see Global Styling Hooks on lightningdesignsystem.com.","https://developer.salesforce.com/docs/platform/slds-linter/guide/reference-rules.html#lwc-token-to-slds-hook"
"@salesforce-ux/slds/lwc-token-to-slds-hook","eslint",3,"Recommended,SLDS,ErrorProne,CSS,Fixable","apps\salesforce\force-app\main\default\lwc\docEngineTemplateBuilder\docEngineTemplateBuilder.css",25,23,25,59,"The '--lwc-colorBorderInput' design token is deprecated. Replace it with the SLDS 2 '--slds-g-color-neutral-base-80' styling hook and set the fallback to '--lwc-colorBorderInput'. For more info, see Global Styling Hooks on lightningdesignsystem.com.","https://developer.salesforce.com/docs/platform/slds-linter/guide/reference-rules.html#lwc-token-to-slds-hook"
"@salesforce-ux/slds/lwc-token-to-slds-hook","eslint",3,"Recommended,SLDS,ErrorProne,CSS,Fixable","apps\salesforce\force-app\main\default\lwc\docEngineTemplateBuilder\docEngineTemplateBuilder.css",26,22,26,58,"The '--lwc-colorBorderInput' design token is deprecated. Replace it with the SLDS 2 '--slds-g-color-neutral-base-80' styling hook and set the fallback to '--lwc-colorBorderInput'. For more info, see Global Styling Hooks on lightningdesignsystem.com.","https://developer.salesforce.com/docs/platform/slds-linter/guide/reference-rules.html#lwc-token-to-slds-hook"
"@salesforce-ux/slds/lwc-token-to-slds-hook","eslint",3,"Recommended,SLDS,ErrorProne,CSS,Fixable","apps\salesforce\force-app\main\default\lwc\docEngineTemplateBuilder\docEngineTemplateBuilder.css",27,23,27,63,"The '--lwc-colorBorderSeparator' design token is deprecated. Replace it with the SLDS 2 '--slds-g-color-neutral-base-95' styling hook and set the fallback to '--lwc-colorBorderSeparator'. For more info, see Global Styling Hooks on lightningdesignsystem.com.","https://developer.salesforce.com/docs/platform/slds-linter/guide/reference-rules.html#lwc-token-to-slds-hook"
"@salesforce-ux/slds/lwc-token-to-slds-hook","eslint",3,"Recommended,SLDS,ErrorProne,CSS,Fixable","apps\salesforce\force-app\main\default\lwc\docEngineTemplateBuilder\docEngineTemplateBuilder.css",29,14,29,50,"The '--lwc-colorTextDefault' design token is deprecated. Replace it with the SLDS 2 '--slds-g-color-on-surface-3' styling hook and set the fallback to '--lwc-colorTextDefault'. For more info, see Global Styling Hooks on lightningdesignsystem.com.","https://developer.salesforce.com/docs/platform/slds-linter/guide/reference-rules.html#lwc-token-to-slds-hook"
"@salesforce-ux/slds/lwc-token-to-slds-hook","eslint",3,"Recommended,SLDS,ErrorProne,CSS,Fixable","apps\salesforce\force-app\main\default\lwc\docEngineTemplateBuilder\docEngineTemplateBuilder.css",30,19,30,55,"The '--lwc-colorTextDefault' design token is deprecated. Replace it with the SLDS 2 '--slds-g-color-on-surface-3' styling hook and set the fallback to '--lwc-colorTextDefault'. For more info, see Global Styling Hooks on lightningdesignsystem.com.","https://developer.salesforce.com/docs/platform/slds-linter/guide/reference-rules.html#lwc-token-to-slds-hook"
"@salesforce-ux/slds/lwc-token-to-slds-hook","eslint",3,"Recommended,SLDS,ErrorProne,CSS,Fixable","apps\salesforce\force-app\main\default\lwc\docEngineTemplateBuilder\docEngineTemplateBuilder.css",31,20,31,51,"The '--lwc-colorTextLabel' design token is deprecated. Replace it with the SLDS 2 '--slds-g-color-info-1' styling hook and set the fallback to '--lwc-colorTextLabel'. For more info, see Global Styling Hooks on lightningdesignsystem.com.","https://developer.salesforce.com/docs/platform/slds-linter/guide/reference-rules.html#lwc-token-to-slds-hook"
"@salesforce-ux/slds/lwc-token-to-slds-hook","eslint",3,"Recommended,SLDS,ErrorProne,CSS,Fixable","apps\salesforce\force-app\main\default\lwc\docEngineTemplateBuilder\docEngineTemplateBuilder.css",33,26,33,68,"The '--lwc-colorTextInputDisabled' design token is deprecated. Replace it with the SLDS 2 '--slds-g-color-neutral-base-30' styling hook and set the fallback to '--lwc-colorTextInputDisabled'. For more info, see Global Styling Hooks on lightningdesignsystem.com.","https://developer.salesforce.com/docs/platform/slds-linter/guide/reference-rules.html#lwc-token-to-slds-hook"
"@salesforce-ux/slds/lwc-token-to-slds-hook","eslint",3,"Recommended,SLDS,ErrorProne,CSS,Fixable","apps\salesforce\force-app\main\default\lwc\docEngineTemplateBuilder\docEngineTemplateBuilder.css",35,21,35,53,"The '--lwc-brandPrimary' design token is deprecated. Replace it with the SLDS 2 '--slds-g-color-accent-1' styling hook and set the fallback to '--lwc-brandPrimary'. For more info, see Global Styling Hooks on lightningdesignsystem.com.","https://developer.salesforce.com/docs/platform/slds-linter/guide/reference-rules.html#lwc-token-to-slds-hook"
"@salesforce-ux/slds/lwc-token-to-slds-hook","eslint",3,"Recommended,SLDS,ErrorProne,CSS,Fixable","apps\salesforce\force-app\main\default\lwc\docEngineTemplateBuilder\docEngineTemplateBuilder.css",36,27,36,59,"The '--lwc-brandPrimary' design token is deprecated. Replace it with the SLDS 2 '--slds-g-color-accent-1' styling hook and set the fallback to '--lwc-brandPrimary'. For more info, see Global Styling Hooks on lightningdesignsystem.com.","https://developer.salesforce.com/docs/platform/slds-linter/guide/reference-rules.html#lwc-token-to-slds-hook"
"@salesforce-ux/slds/lwc-token-to-slds-hook","eslint",3,"Recommended,SLDS,ErrorProne,CSS,Fixable","apps\salesforce\force-app\main\default\lwc\docEngineTemplateBuilder\docEngineTemplateBuilder.css",37,24,37,56,"The '--lwc-brandPrimary' design token is deprecated. Replace it with the SLDS 2 '--slds-g-color-accent-1' styling hook and set the fallback to '--lwc-brandPrimary'. For more info, see Global Styling Hooks on lightningdesignsystem.com.","https://developer.salesforce.com/docs/platform/slds-linter/guide/reference-rules.html#lwc-token-to-slds-hook"
"@salesforce-ux/slds/lwc-token-to-slds-hook","eslint",3,"Recommended,SLDS,ErrorProne,CSS,Fixable","apps\salesforce\force-app\main\default\lwc\docEngineTemplateBuilder\docEngineTemplateBuilder.css",39,21,39,80,"The '--lwc-fontFamily' design token is deprecated. Replace it with the SLDS 2 '--slds-g-font-family-base' styling hook and set the fallback to '--lwc-fontFamily'. For more info, see Global Styling Hooks on lightningdesignsystem.com.","https://developer.salesforce.com/docs/platform/slds-linter/guide/reference-rules.html#lwc-token-to-slds-hook"
"@salesforce-ux/slds/lwc-token-to-slds-hook","eslint",3,"Recommended,SLDS,ErrorProne,CSS,Fixable","apps\salesforce\force-app\main\default\lwc\docEngineTemplateBuilder\docEngineTemplateBuilder.css",40,19,40,57,"The '--lwc-borderRadiusMedium' design token is deprecated. Replace it with the SLDS 2 '--slds-g-radius-border-2' styling hook and set the fallback to '--lwc-borderRadiusMedium'. For more info, see Global Styling Hooks on lightningdesignsystem.com.","https://developer.salesforce.com/docs/platform/slds-linter/guide/reference-rules.html#lwc-token-to-slds-hook"
"@salesforce-ux/slds/lwc-token-to-slds-hook","eslint",3,"Recommended,SLDS,ErrorProne,CSS,Fixable","apps\salesforce\force-app\main\default\lwc\docEngineTemplateBuilder\docEngineTemplateBuilder.css",41,19,41,57,"The '--lwc-borderRadiusMedium' design token is deprecated. Replace it with the SLDS 2 '--slds-g-radius-border-2' styling hook and set the fallback to '--lwc-borderRadiusMedium'. For more info, see Global Styling Hooks on lightningdesignsystem.com.","https://developer.salesforce.com/docs/platform/slds-linter/guide/reference-rules.html#lwc-token-to-slds-hook"
"@salesforce-ux/slds/lwc-token-to-slds-hook","eslint",3,"Recommended,SLDS,ErrorProne,CSS,Fixable","apps\salesforce\force-app\main\default\lwc\docEngineTemplateBuilder\docEngineTemplateBuilder.css",45,21,45,61,"The '--lwc-colorBackgroundShade' design token is deprecated. Replace it with the SLDS 2 '--slds-g-color-surface-2' styling hook and set the fallback to '--lwc-colorBackgroundShade'. For more info, see Global Styling Hooks on lightningdesignsystem.com.","https://developer.salesforce.com/docs/platform/slds-linter/guide/reference-rules.html#lwc-token-to-slds-hook"
"@salesforce-ux/slds/no-hardcoded-values-slds2","eslint",4,"Recommended,SLDS,Design,CSS,Fixable","apps\salesforce\force-app\main\default\lwc\docEngineTemplateBuilder\docEngineTemplateBuilder.css",49,15,49,19,"Consider replacing the 2rem static value with an SLDS 2 styling hook that has a similar value: --slds-g-sizing-9.","https://developer.salesforce.com/docs/platform/slds-linter/guide/reference-rules.html#no-hardcoded-values-slds2"
"@salesforce-ux/slds/no-hardcoded-values-slds2","eslint",4,"Recommended,SLDS,Design,CSS,Fixable","apps\salesforce\force-app\main\default\lwc\docEngineTemplateBuilder\docEngineTemplateBuilder.css",53,15,53,20,"Consider replacing the 480px static value with an SLDS 2 styling hook that has a similar value: --slds-g-sizing-16.","https://developer.salesforce.com/docs/platform/slds-linter/guide/reference-rules.html#no-hardcoded-values-slds2"
"@salesforce-ux/slds/no-hardcoded-values-slds2","eslint",4,"Recommended,SLDS,Design,CSS,Fixable","apps\salesforce\force-app\main\default\lwc\docEngineTemplateBuilder\docEngineTemplateBuilder.css",59,15,59,20,"Consider replacing the 480px static value with an SLDS 2 styling hook that has a similar value: --slds-g-sizing-16.","https://developer.salesforce.com/docs/platform/slds-linter/guide/reference-rules.html#no-hardcoded-values-slds2"
"@salesforce-ux/slds/no-hardcoded-values-slds2","eslint",4,"Recommended,SLDS,Design,CSS,Fixable","apps\salesforce\force-app\main\default\lwc\docEngineTemplateBuilder\docEngineTemplateBuilder.css",76,14,76,20,"There's no replacement styling hook for the 8.5rem static value. Remove the static value.","https://developer.salesforce.com/docs/platform/slds-linter/guide/reference-rules.html#no-hardcoded-values-slds2"
"@salesforce-ux/slds/no-hardcoded-values-slds2","eslint",4,"Recommended,SLDS,Design,CSS,Fixable","apps\salesforce\force-app\main\default\lwc\docEngineTemplateBuilder\docEngineTemplateBuilder.css",83,12,83,20,"There's no replacement styling hook for the 0.125rem static value. Remove the static value.","https://developer.salesforce.com/docs/platform/slds-linter/guide/reference-rules.html#no-hardcoded-values-slds2"
"@salesforce-ux/slds/no-hardcoded-values-slds2","eslint",4,"Recommended,SLDS,Design,CSS,Fixable","apps\salesforce\force-app\main\default\lwc\docEngineTemplateBuilder\docEngineTemplateBuilder.css",83,21,83,29,"There's no replacement styling hook for the 0.375rem static value. Remove the static value.","https://developer.salesforce.com/docs/platform/slds-linter/guide/reference-rules.html#no-hardcoded-values-slds2"
"@salesforce-ux/slds/no-hardcoded-values-slds2","eslint",4,"Recommended,SLDS,Design,CSS,Fixable","apps\salesforce\force-app\main\default\lwc\docEngineTemplateBuilder\docEngineTemplateBuilder.css",84,11,84,14,"Consider replacing the 1px static value with an SLDS 2 styling hook that has a similar value: --slds-g-sizing-border-1.","https://developer.salesforce.com/docs/platform/slds-linter/guide/reference-rules.html#no-hardcoded-values-slds2"
"@salesforce-ux/slds/lwc-token-to-slds-hook","eslint",3,"Recommended,SLDS,ErrorProne,CSS,Fixable","apps\salesforce\force-app\main\default\lwc\docEngineTemplateBuilder\docEngineTemplateBuilder.css",84,21,84,52,"The '--lwc-colorBorder' design token is deprecated. Replace it with the SLDS 2 '--slds-g-color-neutral-base-90' styling hook and set the fallback to '--lwc-colorBorder'. For more info, see Global Styling Hooks on lightningdesignsystem.com.","https://developer.salesforce.com/docs/platform/slds-linter/guide/reference-rules.html#lwc-token-to-slds-hook"
"@salesforce-ux/slds/lwc-token-to-slds-hook","eslint",3,"Recommended,SLDS,ErrorProne,CSS,Fixable","apps\salesforce\force-app\main\default\lwc\docEngineTemplateBuilder\docEngineTemplateBuilder.css",85,18,85,56,"The '--lwc-borderRadiusMedium' design token is deprecated. Replace it with the SLDS 2 '--slds-g-radius-border-2' styling hook and set the fallback to '--lwc-borderRadiusMedium'. For more info, see Global Styling Hooks on lightningdesignsystem.com.","https://developer.salesforce.com/docs/platform/slds-linter/guide/reference-rules.html#lwc-token-to-slds-hook"
"@salesforce-ux/slds/lwc-token-to-slds-hook","eslint",3,"Recommended,SLDS,ErrorProne,CSS,Fixable","apps\salesforce\force-app\main\default\lwc\docEngineTemplateBuilder\docEngineTemplateBuilder.css",86,15,86,50,"The '--lwc-colorBackgroundAlt' design token is deprecated. Replace it with the SLDS 2 '
1. --slds-g-color-surface-1
2. --slds-g-color-surface-container-1' styling hook and set the fallback to '--lwc-colorBackgroundAlt'. For more info, see Global Styling Hooks on lightningdesignsystem.com.","https://developer.salesforce.com/docs/platform/slds-linter/guide/reference-rules.html#lwc-token-to-slds-hook"
"@salesforce-ux/slds/no-hardcoded-values-slds2","eslint",4,"Recommended,SLDS,Design,CSS,Fixable","apps\salesforce\force-app\main\default\lwc\docEngineTemplateBuilder\docEngineTemplateBuilder.css",90,14,90,21,"Consider replacing the 0.75rem static value with an SLDS 2 styling hook that has a similar value: --slds-g-font-scale-neg-1.","https://developer.salesforce.com/docs/platform/slds-linter/guide/reference-rules.html#no-hardcoded-values-slds2"
"@salesforce-ux/slds/no-hardcoded-values-slds2","eslint",4,"Recommended,SLDS,Design,CSS,Fixable","apps\salesforce\force-app\main\default\lwc\docEngineTemplateBuilder\docEngineTemplateBuilder.css",92,17,92,24,"Consider replacing the 0.25rem static value with an SLDS 2 styling hook that has a similar value: --slds-g-spacing-1.","https://developer.salesforce.com/docs/platform/slds-linter/guide/reference-rules.html#no-hardcoded-values-slds2"
"@salesforce-ux/slds/no-hardcoded-values-slds2","eslint",4,"Recommended,SLDS,Design,CSS,Fixable","apps\salesforce\force-app\main\default\lwc\docEngineTemplateBuilder\docEngineTemplateBuilder.css",114,18,114,25,"Consider replacing the 0.75rem static value with an SLDS 2 styling hook that has a similar value: --slds-g-spacing-3.","https://developer.salesforce.com/docs/platform/slds-linter/guide/reference-rules.html#no-hardcoded-values-slds2"
"no-unused-vars","eslint",2,"Recommended,ErrorProne,JavaScript","apps\salesforce\force-app\main\default\lwc\docEngineTemplateBuilder\docEngineTemplateBuilder.js",248,14,248,15,"'e' is defined but never used.","https://eslint.org/docs/latest/rules/no-unused-vars"
"no-unused-vars","eslint",2,"Recommended,ErrorProne,JavaScript","apps\salesforce\force-app\main\default\lwc\docEngineTemplateBuilder\docEngineTemplateBuilder.js",266,14,266,15,"'e' is defined but never used.","https://eslint.org/docs/latest/rules/no-unused-vars"
"no-unused-vars","eslint",2,"Recommended,ErrorProne,JavaScript","apps\salesforce\force-app\main\default\lwc\docEngineTemplateBuilder\docEngineTemplateBuilder.js",666,14,666,15,"'e' is defined but never used.","https://eslint.org/docs/latest/rules/no-unused-vars"
"no-unused-vars","eslint",2,"Recommended,ErrorProne,JavaScript","apps\salesforce\force-app\main\default\lwc\docEngineTemplateBuilder\docEngineTemplateBuilder.js",675,14,675,15,"'e' is defined but never used.","https://eslint.org/docs/latest/rules/no-unused-vars"
"ApexDoc","pmd",4,"Recommended,Documentation,Apex","apps\salesforce\force-app\main\default\classes\DocEngineAccess.cls",39,17,54,4,"Missing or mismatched ApexDoc @param","https://docs.pmd-code.org/pmd-doc-7.26.0/pmd_rules_apex_documentation.html#apexdoc"
"ApexDoc","pmd",4,"Recommended,Documentation,Apex","apps\salesforce\force-app\main\default\classes\DocEngineAccess.cls",59,17,63,4,"Missing or mismatched ApexDoc @param","https://docs.pmd-code.org/pmd-doc-7.26.0/pmd_rules_apex_documentation.html#apexdoc"
"ApexDoc","pmd",4,"Recommended,Documentation,Apex","apps\salesforce\force-app\main\default\classes\DocEngineAccess.cls",68,17,86,4,"Missing or mismatched ApexDoc @param","https://docs.pmd-code.org/pmd-doc-7.26.0/pmd_rules_apex_documentation.html#apexdoc"
"ApexDoc","pmd",4,"Recommended,Documentation,Apex","apps\salesforce\force-app\main\default\classes\DocEngineAccess.cls",88,17,96,4,"Missing ApexDoc comment","https://docs.pmd-code.org/pmd-doc-7.26.0/pmd_rules_apex_documentation.html#apexdoc"
"ApexDoc","pmd",4,"Recommended,Documentation,Apex","apps\salesforce\force-app\main\default\classes\DocEngineAccess.cls",102,17,133,4,"Missing ApexDoc @return","https://docs.pmd-code.org/pmd-doc-7.26.0/pmd_rules_apex_documentation.html#apexdoc"
"OperationWithLimitsInLoop","pmd",3,"Recommended,Performance,Apex","apps\salesforce\force-app\main\default\classes\DocEngineAccess.cls",111,35,116,8,"Avoid operations in loops that may hit governor limits","https://docs.pmd-code.org/pmd-doc-7.26.0/pmd_rules_apex_performance.html#operationwithlimitsinloop"
"ApexDoc","pmd",4,"Recommended,Documentation,Apex","apps\salesforce\force-app\main\default\classes\DocEngineAccess.cls",135,17,156,4,"Missing ApexDoc comment","https://docs.pmd-code.org/pmd-doc-7.26.0/pmd_rules_apex_documentation.html#apexdoc"
"EagerlyLoadedDescribeSObjectResult","pmd",2,"Recommended,Performance,Apex","apps\salesforce\force-app\main\default\classes\DocEngineAccess.cls",141,31,141,78,"DescribeSObjectResult could be being loaded eagerly with all child relationships.","https://docs.pmd-code.org/pmd-doc-7.26.0/pmd_rules_apex_performance.html#eagerlyloadeddescribesobjectresult"
"ApexUnitTestClassShouldHaveRunAs","pmd",4,"Recommended,BestPractices,Apex","apps\salesforce\force-app\main\default\classes\DocEngineAccessTest.cls",4,10,9,4,"Apex unit test classes should have at least one System.runAs() call","https://docs.pmd-code.org/pmd-doc-7.26.0/pmd_rules_apex_bestpractices.html#apexunittestclassshouldhaverunas"
"ApexUnitTestClassShouldHaveRunAs","pmd",4,"Recommended,BestPractices,Apex","apps\salesforce\force-app\main\default\classes\DocEngineAccessTest.cls",12,10,26,4,"Apex unit test classes should have at least one System.runAs() call","https://docs.pmd-code.org/pmd-doc-7.26.0/pmd_rules_apex_bestpractices.html#apexunittestclassshouldhaverunas"
"ApexUnitTestClassShouldHaveAsserts","pmd",3,"Recommended,BestPractices,Apex","apps\salesforce\force-app\main\default\classes\DocEngineAccessTest.cls",12,10,26,4,"Apex unit tests should System.assert() or assertEquals() or assertNotEquals()","https://docs.pmd-code.org/pmd-doc-7.26.0/pmd_rules_apex_bestpractices.html#apexunittestclassshouldhaveasserts"
"ApexUnitTestClassShouldHaveAsserts","pmd",3,"Recommended,BestPractices,Apex","apps\salesforce\force-app\main\default\classes\DocEngineAccessTest.cls",53,10,87,4,"Apex unit tests should System.assert() or assertEquals() or assertNotEquals()","https://docs.pmd-code.org/pmd-doc-7.26.0/pmd_rules_apex_bestpractices.html#apexunittestclassshouldhaveasserts"
"ApexDoc","pmd",4,"Recommended,Documentation,Apex","apps\salesforce\force-app\main\default\classes\DocEngineButtonController.cls",5,10,15,4,"Missing ApexDoc comment","https://docs.pmd-code.org/pmd-doc-7.26.0/pmd_rules_apex_documentation.html#apexdoc"
"ApexDoc","pmd",4,"Recommended,Documentation,Apex","apps\salesforce\force-app\main\default\classes\DocEngineButtonController.cls",6,25,6,59,"Missing ApexDoc comment","https://docs.pmd-code.org/pmd-doc-7.26.0/pmd_rules_apex_documentation.html#apexdoc"
"ApexDoc","pmd",4,"Recommended,Documentation,Apex","apps\salesforce\force-app\main\default\classes\DocEngineButtonController.cls",7,25,7,51,"Missing ApexDoc comment","https://docs.pmd-code.org/pmd-doc-7.26.0/pmd_rules_apex_documentation.html#apexdoc"
"ApexDoc","pmd",4,"Recommended,Documentation,Apex","apps\salesforce\force-app\main\default\classes\DocEngineButtonController.cls",8,25,8,56,"Missing ApexDoc comment","https://docs.pmd-code.org/pmd-doc-7.26.0/pmd_rules_apex_documentation.html#apexdoc"
"ApexDoc","pmd",4,"Recommended,Documentation,Apex","apps\salesforce\force-app\main\default\classes\DocEngineButtonController.cls",9,25,9,59,"Missing ApexDoc comment","https://docs.pmd-code.org/pmd-doc-7.26.0/pmd_rules_apex_documentation.html#apexdoc"
"ApexDoc","pmd",4,"Recommended,Documentation,Apex","apps\salesforce\force-app\main\default\classes\DocEngineButtonController.cls",10,25,10,55,"Missing ApexDoc comment","https://docs.pmd-code.org/pmd-doc-7.26.0/pmd_rules_apex_documentation.html#apexdoc"
"AvoidBooleanMethodParameters","pmd",3,"Recommended,Design,Apex","apps\salesforce\force-app\main\default\classes\DocEngineButtonController.cls",10,49,10,53,"Avoid Boolean method parameters","https://docs.pmd-code.org/pmd-doc-7.26.0/pmd_rules_apex_design.html#avoidbooleanmethodparameters"
"ApexDoc","pmd",4,"Recommended,Documentation,Apex","apps\salesforce\force-app\main\default\classes\DocEngineButtonController.cls",11,25,11,56,"Missing ApexDoc comment","https://docs.pmd-code.org/pmd-doc-7.26.0/pmd_rules_apex_documentation.html#apexdoc"
"ApexDoc","pmd",4,"Recommended,Documentation,Apex","apps\salesforce\force-app\main\default\classes\DocEngineButtonController.cls",12,25,12,58,"Missing ApexDoc comment","https://docs.pmd-code.org/pmd-doc-7.26.0/pmd_rules_apex_documentation.html#apexdoc"
"AvoidBooleanMethodParameters","pmd",3,"Recommended,Design,Apex","apps\salesforce\force-app\main\default\classes\DocEngineButtonController.cls",12,52,12,56,"Avoid Boolean method parameters","https://docs.pmd-code.org/pmd-doc-7.26.0/pmd_rules_apex_design.html#avoidbooleanmethodparameters"
"ApexDoc","pmd",4,"Recommended,Documentation,Apex","apps\salesforce\force-app\main\default\classes\DocEngineButtonController.cls",13,25,13,56,"Missing ApexDoc comment","https://docs.pmd-code.org/pmd-doc-7.26.0/pmd_rules_apex_documentation.html#apexdoc"
"AvoidBooleanMethodParameters","pmd",3,"Recommended,Design,Apex","apps\salesforce\force-app\main\default\classes\DocEngineButtonController.cls",13,50,13,54,"Avoid Boolean method parameters","https://docs.pmd-code.org/pmd-doc-7.26.0/pmd_rules_apex_design.html#avoidbooleanmethodparameters"
"ApexDoc","pmd",4,"Recommended,Documentation,Apex","apps\salesforce\force-app\main\default\classes\DocEngineButtonController.cls",14,25,14,61,"Missing ApexDoc comment","https://docs.pmd-code.org/pmd-doc-7.26.0/pmd_rules_apex_documentation.html#apexdoc"
"AvoidBooleanMethodParameters","pmd",3,"Recommended,Design,Apex","apps\salesforce\force-app\main\default\classes\DocEngineButtonController.cls",14,55,14,59,"Avoid Boolean method parameters","https://docs.pmd-code.org/pmd-doc-7.26.0/pmd_rules_apex_design.html#avoidbooleanmethodparameters"
"ApexDoc","pmd",4,"Recommended,Documentation,Apex","apps\salesforce\force-app\main\default\classes\DocEngineButtonController.cls",18,17,47,4,"Missing ApexDoc comment","https://docs.pmd-code.org/pmd-doc-7.26.0/pmd_rules_apex_documentation.html#apexdoc"
"ApexDoc","pmd",4,"Recommended,Documentation,Apex","apps\salesforce\force-app\main\default\classes\DocEngineButtonController.cls",55,17,83,4,"Missing ApexDoc @return","https://docs.pmd-code.org/pmd-doc-7.26.0/pmd_rules_apex_documentation.html#apexdoc"
"ApexDoc","pmd",4,"Recommended,Documentation,Apex","apps\salesforce\force-app\main\default\classes\DocEngineButtonController.cls",55,17,83,4,"Missing or mismatched ApexDoc @param","https://docs.pmd-code.org/pmd-doc-7.26.0/pmd_rules_apex_documentation.html#apexdoc"
"ApexDoc","pmd",4,"Recommended,Documentation,Apex","apps\salesforce\force-app\main\default\classes\DocEngineButtonController.cls",89,17,101,4,"Missing ApexDoc @return","https://docs.pmd-code.org/pmd-doc-7.26.0/pmd_rules_apex_documentation.html#apexdoc"
"ApexDoc","pmd",4,"Recommended,Documentation,Apex","apps\salesforce\force-app\main\default\classes\DocEngineButtonController.cls",89,17,101,4,"Missing or mismatched ApexDoc @param","https://docs.pmd-code.org/pmd-doc-7.26.0/pmd_rules_apex_documentation.html#apexdoc"
"ApexUnitTestClassShouldHaveRunAs","pmd",4,"Recommended,BestPractices,Apex","apps\salesforce\force-app\main\default\classes\DocEngineButtonControllerTest.cls",4,10,36,4,"Apex unit test classes should have at least one System.runAs() call","https://docs.pmd-code.org/pmd-doc-7.26.0/pmd_rules_apex_bestpractices.html#apexunittestclassshouldhaverunas"
"ApexUnitTestClassShouldHaveRunAs","pmd",4,"Recommended,BestPractices,Apex","apps\salesforce\force-app\main\default\classes\DocEngineButtonControllerTest.cls",39,10,68,4,"Apex unit test classes should have at least one System.runAs() call","https://docs.pmd-code.org/pmd-doc-7.26.0/pmd_rules_apex_bestpractices.html#apexunittestclassshouldhaverunas"
"ApexUnitTestClassShouldHaveRunAs","pmd",4,"Recommended,BestPractices,Apex","apps\salesforce\force-app\main\default\classes\DocEngineButtonControllerTest.cls",71,10,84,4,"Apex unit test classes should have at least one System.runAs() call","https://docs.pmd-code.org/pmd-doc-7.26.0/pmd_rules_apex_bestpractices.html#apexunittestclassshouldhaverunas"
"ApexUnitTestClassShouldHaveRunAs","pmd",4,"Recommended,BestPractices,Apex","apps\salesforce\force-app\main\default\classes\DocEngineButtonControllerTest.cls",87,10,94,4,"Apex unit test classes should have at least one System.runAs() call","https://docs.pmd-code.org/pmd-doc-7.26.0/pmd_rules_apex_bestpractices.html#apexunittestclassshouldhaverunas"
"CognitiveComplexity","pmd",3,"Recommended,Design,Apex","apps\salesforce\force-app\main\default\classes\DocEngineFormLinkController.cls",5,21,496,2,"The class 'DocEngineFormLinkController' has a total cognitive complexity of 84 (highest 20), current threshold is 50","https://docs.pmd-code.org/pmd-doc-7.26.0/pmd_rules_apex_design.html#cognitivecomplexity"
"CyclomaticComplexity","pmd",3,"Recommended,Design,Apex","apps\salesforce\force-app\main\default\classes\DocEngineFormLinkController.cls",5,21,496,2,"The class 'DocEngineFormLinkController' has a total cyclomatic complexity of 118 (highest 30).","https://docs.pmd-code.org/pmd-doc-7.26.0/pmd_rules_apex_design.html#cyclomaticcomplexity"
"ApexDoc","pmd",4,"Recommended,Documentation,Apex","apps\salesforce\force-app\main\default\classes\DocEngineFormLinkController.cls",6,10,25,4,"Missing ApexDoc comment","https://docs.pmd-code.org/pmd-doc-7.26.0/pmd_rules_apex_documentation.html#apexdoc"
"TooManyFields","pmd",3,"Recommended,Design,Apex","apps\salesforce\force-app\main\default\classes\DocEngineFormLinkController.cls",6,10,25,4,"Too many fields","https://docs.pmd-code.org/pmd-doc-7.26.0/pmd_rules_apex_design.html#toomanyfields"
"ApexDoc","pmd",4,"Recommended,Documentation,Apex","apps\salesforce\force-app\main\default\classes\DocEngineFormLinkController.cls",33,17,41,4,"Missing ApexDoc @return","https://docs.pmd-code.org/pmd-doc-7.26.0/pmd_rules_apex_documentation.html#apexdoc"
"ApexDoc","pmd",4,"Recommended,Documentation,Apex","apps\salesforce\force-app\main\default\classes\DocEngineFormLinkController.cls",33,17,41,4,"Missing or mismatched ApexDoc @param","https://docs.pmd-code.org/pmd-doc-7.26.0/pmd_rules_apex_documentation.html#apexdoc"
"ApexDoc","pmd",4,"Recommended,Documentation,Apex","apps\salesforce\force-app\main\default\classes\DocEngineFormLinkController.cls",44,17,164,4,"Missing ApexDoc comment","https://docs.pmd-code.org/pmd-doc-7.26.0/pmd_rules_apex_documentation.html#apexdoc"
"NcssCount","pmd",3,"Recommended,Apex,Custom","apps\salesforce\force-app\main\default\classes\DocEngineFormLinkController.cls",44,17,164,4,"The method 'createFormLink(FormLinkDTO)' has a NCSS line count of 47 (limit: 40).","https://docs.pmd-code.org/pmd-doc-7.26.0/pmd_rules_apex_design.html#ncsscount"
"CognitiveComplexity","pmd",3,"Recommended,Design,Apex","apps\salesforce\force-app\main\default\classes\DocEngineFormLinkController.cls",44,17,164,4,"The method 'createFormLink(FormLinkDTO)' has a cognitive complexity of 20, current threshold is 15","https://docs.pmd-code.org/pmd-doc-7.26.0/pmd_rules_apex_design.html#cognitivecomplexity"
"CyclomaticComplexity","pmd",3,"Recommended,Design,Apex","apps\salesforce\force-app\main\default\classes\DocEngineFormLinkController.cls",44,17,164,4,"The method 'createFormLink(FormLinkDTO)' has a cyclomatic complexity of 30.","https://docs.pmd-code.org/pmd-doc-7.26.0/pmd_rules_apex_design.html#cyclomaticcomplexity"
"ApexDoc","pmd",4,"Recommended,Documentation,Apex","apps\salesforce\force-app\main\default\classes\DocEngineFormLinkController.cls",170,17,181,4,"Missing ApexDoc @return","https://docs.pmd-code.org/pmd-doc-7.26.0/pmd_rules_apex_documentation.html#apexdoc"
"ApexDoc","pmd",4,"Recommended,Documentation,Apex","apps\salesforce\force-app\main\default\classes\DocEngineFormLinkController.cls",184,17,222,4,"Missing ApexDoc comment","https://docs.pmd-code.org/pmd-doc-7.26.0/pmd_rules_apex_documentation.html#apexdoc"
"CyclomaticComplexity","pmd",3,"Recommended,Design,Apex","apps\salesforce\force-app\main\default\classes\DocEngineFormLinkController.cls",184,17,222,4,"The method 'savePublicFormSiteBaseUrl(String)' has a cyclomatic complexity of 11.","https://docs.pmd-code.org/pmd-doc-7.26.0/pmd_rules_apex_design.html#cyclomaticcomplexity"
"ApexDoc","pmd",4,"Recommended,Documentation,Apex","apps\salesforce\force-app\main\default\classes\DocEngineFormLinkController.cls",225,17,247,4,"Missing ApexDoc comment","https://docs.pmd-code.org/pmd-doc-7.26.0/pmd_rules_apex_documentation.html#apexdoc"
"ApexDoc","pmd",4,"Recommended,Documentation,Apex","apps\salesforce\force-app\main\default\classes\DocEngineFormLinkController.cls",251,17,260,4,"Missing ApexDoc comment","https://docs.pmd-code.org/pmd-doc-7.26.0/pmd_rules_apex_documentation.html#apexdoc"
"ApexDoc","pmd",4,"Recommended,Documentation,Apex","apps\salesforce\force-app\main\default\classes\DocEngineFormLinkController.cls",263,17,297,4,"Missing ApexDoc comment","https://docs.pmd-code.org/pmd-doc-7.26.0/pmd_rules_apex_documentation.html#apexdoc"
"CognitiveComplexity","pmd",3,"Recommended,Design,Apex","apps\salesforce\force-app\main\default\classes\DocEngineFormLinkController.cls",299,18,342,4,"The method 'parseCreateRequest(String)' has a cognitive complexity of 15, current threshold is 15","https://docs.pmd-code.org/pmd-doc-7.26.0/pmd_rules_apex_design.html#cognitivecomplexity"
"CyclomaticComplexity","pmd",3,"Recommended,Design,Apex","apps\salesforce\force-app\main\default\classes\DocEngineFormLinkController.cls",299,18,342,4,"The method 'parseCreateRequest(String)' has a cyclomatic complexity of 17.","https://docs.pmd-code.org/pmd-doc-7.26.0/pmd_rules_apex_design.html#cyclomaticcomplexity"
"CyclomaticComplexity","pmd",3,"Recommended,Design,Apex","apps\salesforce\force-app\main\default\classes\DocEngineFormLinkController.cls",344,18,371,4,"The method 'validateTargetRecord(String, String)' has a cyclomatic complexity of 10.","https://docs.pmd-code.org/pmd-doc-7.26.0/pmd_rules_apex_design.html#cyclomaticcomplexity"
"ApexDoc","pmd",4,"Recommended,Documentation,Apex","apps\salesforce\force-app\main\default\classes\DocEngineFormLinkController.cls",437,18,495,4,"Missing ApexDoc @return","https://docs.pmd-code.org/pmd-doc-7.26.0/pmd_rules_apex_documentation.html#apexdoc"
"CognitiveComplexity","pmd",3,"Recommended,Design,Apex","apps\salesforce\force-app\main\default\classes\DocEngineFormLinkController.cls",437,18,495,4,"The method 'suggestExperienceSiteBaseUrl()' has a cognitive complexity of 15, current threshold is 15","https://docs.pmd-code.org/pmd-doc-7.26.0/pmd_rules_apex_design.html#cognitivecomplexity"
"CyclomaticComplexity","pmd",3,"Recommended,Design,Apex","apps\salesforce\force-app\main\default\classes\DocEngineFormLinkController.cls",437,18,495,4,"The method 'suggestExperienceSiteBaseUrl()' has a cyclomatic complexity of 14.","https://docs.pmd-code.org/pmd-doc-7.26.0/pmd_rules_apex_design.html#cyclomaticcomplexity"
"AvoidDebugStatements","pmd",4,"Recommended,Performance,Apex","apps\salesforce\force-app\main\default\classes\DocEngineFormLinkController.cls",452,7,452,82,"Avoid debug statements since they impact on performance","https://docs.pmd-code.org/pmd-doc-7.26.0/pmd_rules_apex_performance.html#avoiddebugstatements"
"NcssCount","pmd",3,"Recommended,Apex,Custom","apps\salesforce\force-app\main\default\classes\DocEngineInstanceController.cls",5,21,1475,2,"The class 'DocEngineInstanceController' has a NCSS line count of 715 (limit: 500, highest: 61).","https://docs.pmd-code.org/pmd-doc-7.26.0/pmd_rules_apex_design.html#ncsscount"
"CognitiveComplexity","pmd",3,"Recommended,Design,Apex","apps\salesforce\force-app\main\default\classes\DocEngineInstanceController.cls",5,21,1475,2,"The class 'DocEngineInstanceController' has a total cognitive complexity of 275 (highest 30), current threshold is 50","https://docs.pmd-code.org/pmd-doc-7.26.0/pmd_rules_apex_design.html#cognitivecomplexity"
"CyclomaticComplexity","pmd",3,"Recommended,Design,Apex","apps\salesforce\force-app\main\default\classes\DocEngineInstanceController.cls",5,21,1475,2,"The class 'DocEngineInstanceController' has a total cyclomatic complexity of 328 (highest 41).","https://docs.pmd-code.org/pmd-doc-7.26.0/pmd_rules_apex_design.html#cyclomaticcomplexity"
"ApexDoc","pmd",4,"Recommended,Documentation,Apex","apps\salesforce\force-app\main\default\classes\DocEngineInstanceController.cls",6,10,20,4,"Missing ApexDoc comment","https://docs.pmd-code.org/pmd-doc-7.26.0/pmd_rules_apex_documentation.html#apexdoc"
"ApexDoc","pmd",4,"Recommended,Documentation,Apex","apps\salesforce\force-app\main\default\classes\DocEngineInstanceController.cls",7,25,7,44,"Missing ApexDoc comment","https://docs.pmd-code.org/pmd-doc-7.26.0/pmd_rules_apex_documentation.html#apexdoc"
"ApexDoc","pmd",4,"Recommended,Documentation,Apex","apps\salesforce\force-app\main\default\classes\DocEngineInstanceController.cls",8,25,8,50,"Missing ApexDoc comment","https://docs.pmd-code.org/pmd-doc-7.26.0/pmd_rules_apex_documentation.html#apexdoc"
"ApexDoc","pmd",4,"Recommended,Documentation,Apex","apps\salesforce\force-app\main\default\classes\DocEngineInstanceController.cls",9,25,9,52,"Missing ApexDoc comment","https://docs.pmd-code.org/pmd-doc-7.26.0/pmd_rules_apex_documentation.html#apexdoc"
"ApexDoc","pmd",4,"Recommended,Documentation,Apex","apps\salesforce\force-app\main\default\classes\DocEngineInstanceController.cls",14,25,14,62,"Missing ApexDoc comment","https://docs.pmd-code.org/pmd-doc-7.26.0/pmd_rules_apex_documentation.html#apexdoc"
"ApexDoc","pmd",4,"Recommended,Documentation,Apex","apps\salesforce\force-app\main\default\classes\DocEngineInstanceController.cls",15,25,15,54,"Missing ApexDoc comment","https://docs.pmd-code.org/pmd-doc-7.26.0/pmd_rules_apex_documentation.html#apexdoc"
"ApexDoc","pmd",4,"Recommended,Documentation,Apex","apps\salesforce\force-app\main\default\classes\DocEngineInstanceController.cls",16,25,16,59,"Missing ApexDoc comment","https://docs.pmd-code.org/pmd-doc-7.26.0/pmd_rules_apex_documentation.html#apexdoc"
"ApexDoc","pmd",4,"Recommended,Documentation,Apex","apps\salesforce\force-app\main\default\classes\DocEngineInstanceController.cls",17,25,17,58,"Missing ApexDoc comment","https://docs.pmd-code.org/pmd-doc-7.26.0/pmd_rules_apex_documentation.html#apexdoc"
"ApexDoc","pmd",4,"Recommended,Documentation,Apex","apps\salesforce\force-app\main\default\classes\DocEngineInstanceController.cls",18,25,18,52,"Missing ApexDoc comment","https://docs.pmd-code.org/pmd-doc-7.26.0/pmd_rules_apex_documentation.html#apexdoc"
"ApexDoc","pmd",4,"Recommended,Documentation,Apex","apps\salesforce\force-app\main\default\classes\DocEngineInstanceController.cls",19,25,19,61,"Missing ApexDoc comment","https://docs.pmd-code.org/pmd-doc-7.26.0/pmd_rules_apex_documentation.html#apexdoc"
"ApexDoc","pmd",4,"Recommended,Documentation,Apex","apps\salesforce\force-app\main\default\classes\DocEngineInstanceController.cls",22,10,34,4,"Missing ApexDoc comment","https://docs.pmd-code.org/pmd-doc-7.26.0/pmd_rules_apex_documentation.html#apexdoc"
"ApexDoc","pmd",4,"Recommended,Documentation,Apex","apps\salesforce\force-app\main\default\classes\DocEngineInstanceController.cls",23,25,23,44,"Missing ApexDoc comment","https://docs.pmd-code.org/pmd-doc-7.26.0/pmd_rules_apex_documentation.html#apexdoc"
"ApexDoc","pmd",4,"Recommended,Documentation,Apex","apps\salesforce\force-app\main\default\classes\DocEngineInstanceController.cls",24,25,24,50,"Missing ApexDoc comment","https://docs.pmd-code.org/pmd-doc-7.26.0/pmd_rules_apex_documentation.html#apexdoc"
"ApexDoc","pmd",4,"Recommended,Documentation,Apex","apps\salesforce\force-app\main\default\classes\DocEngineInstanceController.cls",25,25,25,52,"Missing ApexDoc comment","https://docs.pmd-code.org/pmd-doc-7.26.0/pmd_rules_apex_documentation.html#apexdoc"
"ApexDoc","pmd",4,"Recommended,Documentation,Apex","apps\salesforce\force-app\main\default\classes\DocEngineInstanceController.cls",26,25,26,58,"Missing ApexDoc comment","https://docs.pmd-code.org/pmd-doc-7.26.0/pmd_rules_apex_documentation.html#apexdoc"
"ApexDoc","pmd",4,"Recommended,Documentation,Apex","apps\salesforce\force-app\main\default\classes\DocEngineInstanceController.cls",27,25,27,52,"Missing ApexDoc comment","https://docs.pmd-code.org/pmd-doc-7.26.0/pmd_rules_apex_documentation.html#apexdoc"
"ApexDoc","pmd",4,"Recommended,Documentation,Apex","apps\salesforce\force-app\main\default\classes\DocEngineInstanceController.cls",28,25,28,61,"Missing ApexDoc comment","https://docs.pmd-code.org/pmd-doc-7.26.0/pmd_rules_apex_documentation.html#apexdoc"
"ApexDoc","pmd",4,"Recommended,Documentation,Apex","apps\salesforce\force-app\main\default\classes\DocEngineInstanceController.cls",29,25,29,64,"Missing ApexDoc comment","https://docs.pmd-code.org/pmd-doc-7.26.0/pmd_rules_apex_documentation.html#apexdoc"
"ApexDoc","pmd",4,"Recommended,Documentation,Apex","apps\salesforce\force-app\main\default\classes\DocEngineInstanceController.cls",36,10,39,4,"Missing ApexDoc comment","https://docs.pmd-code.org/pmd-doc-7.26.0/pmd_rules_apex_documentation.html#apexdoc"
"ApexDoc","pmd",4,"Recommended,Documentation,Apex","apps\salesforce\force-app\main\default\classes\DocEngineInstanceController.cls",37,25,37,58,"Missing ApexDoc comment","https://docs.pmd-code.org/pmd-doc-7.26.0/pmd_rules_apex_documentation.html#apexdoc"
"ApexDoc","pmd",4,"Recommended,Documentation,Apex","apps\salesforce\force-app\main\default\classes\DocEngineInstanceController.cls",38,25,38,59,"Missing ApexDoc comment","https://docs.pmd-code.org/pmd-doc-7.26.0/pmd_rules_apex_documentation.html#apexdoc"
"ApexDoc","pmd",4,"Recommended,Documentation,Apex","apps\salesforce\force-app\main\default\classes\DocEngineInstanceController.cls",43,25,43,58,"Missing ApexDoc comment","https://docs.pmd-code.org/pmd-doc-7.26.0/pmd_rules_apex_documentation.html#apexdoc"
"ApexDoc","pmd",4,"Recommended,Documentation,Apex","apps\salesforce\force-app\main\default\classes\DocEngineInstanceController.cls",44,25,44,59,"Missing ApexDoc comment","https://docs.pmd-code.org/pmd-doc-7.26.0/pmd_rules_apex_documentation.html#apexdoc"
"ApexDoc","pmd",4,"Recommended,Documentation,Apex","apps\salesforce\force-app\main\default\classes\DocEngineInstanceController.cls",45,25,45,55,"Missing ApexDoc comment","https://docs.pmd-code.org/pmd-doc-7.26.0/pmd_rules_apex_documentation.html#apexdoc"
"ApexDoc","pmd",4,"Recommended,Documentation,Apex","apps\salesforce\force-app\main\default\classes\DocEngineInstanceController.cls",46,25,46,54,"Missing ApexDoc comment","https://docs.pmd-code.org/pmd-doc-7.26.0/pmd_rules_apex_documentation.html#apexdoc"
"ApexDoc","pmd",4,"Recommended,Documentation,Apex","apps\salesforce\force-app\main\default\classes\DocEngineInstanceController.cls",50,10,53,4,"Missing ApexDoc main description","https://docs.pmd-code.org/pmd-doc-7.26.0/pmd_rules_apex_documentation.html#apexdoc"
"ApexDoc","pmd",4,"Recommended,Documentation,Apex","apps\salesforce\force-app\main\default\classes\DocEngineInstanceController.cls",51,25,51,58,"Missing ApexDoc comment","https://docs.pmd-code.org/pmd-doc-7.26.0/pmd_rules_apex_documentation.html#apexdoc"
"ApexDoc","pmd",4,"Recommended,Documentation,Apex","apps\salesforce\force-app\main\default\classes\DocEngineInstanceController.cls",52,25,52,59,"Missing ApexDoc comment","https://docs.pmd-code.org/pmd-doc-7.26.0/pmd_rules_apex_documentation.html#apexdoc"
"ApexDoc","pmd",4,"Recommended,Documentation,Apex","apps\salesforce\force-app\main\default\classes\DocEngineInstanceController.cls",57,25,57,49,"Missing ApexDoc comment","https://docs.pmd-code.org/pmd-doc-7.26.0/pmd_rules_apex_documentation.html#apexdoc"
"ApexDoc","pmd",4,"Recommended,Documentation,Apex","apps\salesforce\force-app\main\default\classes\DocEngineInstanceController.cls",58,25,58,58,"Missing ApexDoc comment","https://docs.pmd-code.org/pmd-doc-7.26.0/pmd_rules_apex_documentation.html#apexdoc"
"ApexDoc","pmd",4,"Recommended,Documentation,Apex","apps\salesforce\force-app\main\default\classes\DocEngineInstanceController.cls",59,25,59,59,"Missing ApexDoc comment","https://docs.pmd-code.org/pmd-doc-7.26.0/pmd_rules_apex_documentation.html#apexdoc"
"ApexDoc","pmd",4,"Recommended,Documentation,Apex","apps\salesforce\force-app\main\default\classes\DocEngineInstanceController.cls",64,25,64,59,"Missing ApexDoc comment","https://docs.pmd-code.org/pmd-doc-7.26.0/pmd_rules_apex_documentation.html#apexdoc"
"ApexDoc","pmd",4,"Recommended,Documentation,Apex","apps\salesforce\force-app\main\default\classes\DocEngineInstanceController.cls",65,25,65,58,"Missing ApexDoc comment","https://docs.pmd-code.org/pmd-doc-7.26.0/pmd_rules_apex_documentation.html#apexdoc"
"ApexDoc","pmd",4,"Recommended,Documentation,Apex","apps\salesforce\force-app\main\default\classes\DocEngineInstanceController.cls",66,25,66,51,"Missing ApexDoc comment","https://docs.pmd-code.org/pmd-doc-7.26.0/pmd_rules_apex_documentation.html#apexdoc"
"ApexDoc","pmd",4,"Recommended,Documentation,Apex","apps\salesforce\force-app\main\default\classes\DocEngineInstanceController.cls",67,25,67,59,"Missing ApexDoc comment","https://docs.pmd-code.org/pmd-doc-7.26.0/pmd_rules_apex_documentation.html#apexdoc"
"ApexDoc","pmd",4,"Recommended,Documentation,Apex","apps\salesforce\force-app\main\default\classes\DocEngineInstanceController.cls",68,25,68,58,"Missing ApexDoc comment","https://docs.pmd-code.org/pmd-doc-7.26.0/pmd_rules_apex_documentation.html#apexdoc"
"FieldDeclarationsShouldBeAtStart","pmd",3,"Recommended,CodeStyle,Apex","apps\salesforce\force-app\main\default\classes\DocEngineInstanceController.cls",71,36,73,4,"Field declaration for 'IMAGE_EXTENSIONS' should be before method declarations in its class","https://docs.pmd-code.org/pmd-doc-7.26.0/pmd_rules_apex_codestyle.html#fielddeclarationsshouldbeatstart"
"FieldDeclarationsShouldBeAtStart","pmd",3,"Recommended,CodeStyle,Apex","apps\salesforce\force-app\main\default\classes\DocEngineInstanceController.cls",74,32,74,56,"Field declaration for 'MAX_FILE_BYTES' should be before method declarations in its class","https://docs.pmd-code.org/pmd-doc-7.26.0/pmd_rules_apex_codestyle.html#fielddeclarationsshouldbeatstart"
"FieldDeclarationsShouldBeAtStart","pmd",3,"Recommended,CodeStyle,Apex","apps\salesforce\force-app\main\default\classes\DocEngineInstanceController.cls",75,32,75,68,"Field declaration for 'MAX_EMAIL_ATTACHMENT_BYTES' should be before method declarations in its class","https://docs.pmd-code.org/pmd-doc-7.26.0/pmd_rules_apex_codestyle.html#fielddeclarationsshouldbeatstart"
"FieldDeclarationsShouldBeAtStart","pmd",3,"Recommended,CodeStyle,Apex","apps\salesforce\force-app\main\default\classes\DocEngineInstanceController.cls",76,32,76,57,"Field declaration for 'MAX_FILENAME_LENGTH' should be before method declarations in its class","https://docs.pmd-code.org/pmd-doc-7.26.0/pmd_rules_apex_codestyle.html#fielddeclarationsshouldbeatstart"
"FieldDeclarationsShouldBeAtStart","pmd",3,"Recommended,CodeStyle,Apex","apps\salesforce\force-app\main\default\classes\DocEngineInstanceController.cls",77,32,77,53,"Field declaration for 'SHARE_EXPIRY_DAYS' should be before method declarations in its class","https://docs.pmd-code.org/pmd-doc-7.26.0/pmd_rules_apex_codestyle.html#fielddeclarationsshouldbeatstart"
"ApexDoc","pmd",4,"Recommended,Documentation,Apex","apps\salesforce\force-app\main\default\classes\DocEngineInstanceController.cls",80,17,117,4,"Missing ApexDoc comment","https://docs.pmd-code.org/pmd-doc-7.26.0/pmd_rules_apex_documentation.html#apexdoc"
"CyclomaticComplexity","pmd",3,"Recommended,Design,Apex","apps\salesforce\force-app\main\default\classes\DocEngineInstanceController.cls",80,17,117,4,"The method 'getInstance(Id)' has a cyclomatic complexity of 10.","https://docs.pmd-code.org/pmd-doc-7.26.0/pmd_rules_apex_design.html#cyclomaticcomplexity"
"ApexDoc","pmd",4,"Recommended,Documentation,Apex","apps\salesforce\force-app\main\default\classes\DocEngineInstanceController.cls",123,17,164,4,"Missing ApexDoc @return","https://docs.pmd-code.org/pmd-doc-7.26.0/pmd_rules_apex_documentation.html#apexdoc"
"ApexDoc","pmd",4,"Recommended,Documentation,Apex","apps\salesforce\force-app\main\default\classes\DocEngineInstanceController.cls",123,17,164,4,"Missing or mismatched ApexDoc @param","https://docs.pmd-code.org/pmd-doc-7.26.0/pmd_rules_apex_documentation.html#apexdoc"
"ApexDoc","pmd",4,"Recommended,Documentation,Apex","apps\salesforce\force-app\main\default\classes\DocEngineInstanceController.cls",167,17,216,4,"Missing ApexDoc comment","https://docs.pmd-code.org/pmd-doc-7.26.0/pmd_rules_apex_documentation.html#apexdoc"
"CyclomaticComplexity","pmd",3,"Recommended,Design,Apex","apps\salesforce\force-app\main\default\classes\DocEngineInstanceController.cls",167,17,216,4,"The method 'deleteInstance(Id)' has a cyclomatic complexity of 13.","https://docs.pmd-code.org/pmd-doc-7.26.0/pmd_rules_apex_design.html#cyclomaticcomplexity"
"ApexDoc","pmd",4,"Recommended,Documentation,Apex","apps\salesforce\force-app\main\default\classes\DocEngineInstanceController.cls",224,17,243,4,"Missing ApexDoc @return","https://docs.pmd-code.org/pmd-doc-7.26.0/pmd_rules_apex_documentation.html#apexdoc"
"ApexDoc","pmd",4,"Recommended,Documentation,Apex","apps\salesforce\force-app\main\default\classes\DocEngineInstanceController.cls",224,17,243,4,"Missing or mismatched ApexDoc @param","https://docs.pmd-code.org/pmd-doc-7.26.0/pmd_rules_apex_documentation.html#apexdoc"
"ApexDoc","pmd",4,"Recommended,Documentation,Apex","apps\salesforce\force-app\main\default\classes\DocEngineInstanceController.cls",246,17,254,4,"Missing ApexDoc comment","https://docs.pmd-code.org/pmd-doc-7.26.0/pmd_rules_apex_documentation.html#apexdoc"
"NcssCount","pmd",3,"Recommended,Apex,Custom","apps\salesforce\force-app\main\default\classes\DocEngineInstanceController.cls",256,18,396,4,"The method 'saveInstanceImpl(InstanceDTO)' has a NCSS line count of 61 (limit: 40).","https://docs.pmd-code.org/pmd-doc-7.26.0/pmd_rules_apex_design.html#ncsscount"
"CognitiveComplexity","pmd",3,"Recommended,Design,Apex","apps\salesforce\force-app\main\default\classes\DocEngineInstanceController.cls",256,18,396,4,"The method 'saveInstanceImpl(InstanceDTO)' has a cognitive complexity of 30, current threshold is 15","https://docs.pmd-code.org/pmd-doc-7.26.0/pmd_rules_apex_design.html#cognitivecomplexity"
"CyclomaticComplexity","pmd",3,"Recommended,Design,Apex","apps\salesforce\force-app\main\default\classes\DocEngineInstanceController.cls",256,18,396,4,"The method 'saveInstanceImpl(InstanceDTO)' has a cyclomatic complexity of 41.","https://docs.pmd-code.org/pmd-doc-7.26.0/pmd_rules_apex_design.html#cyclomaticcomplexity"
"ApexDoc","pmd",4,"Recommended,Documentation,Apex","apps\salesforce\force-app\main\default\classes\DocEngineInstanceController.cls",404,17,416,4,"Missing ApexDoc @return","https://docs.pmd-code.org/pmd-doc-7.26.0/pmd_rules_apex_documentation.html#apexdoc"
"ApexDoc","pmd",4,"Recommended,Documentation,Apex","apps\salesforce\force-app\main\default\classes\DocEngineInstanceController.cls",404,17,416,4,"Missing or mismatched ApexDoc @param","https://docs.pmd-code.org/pmd-doc-7.26.0/pmd_rules_apex_documentation.html#apexdoc"
"CognitiveComplexity","pmd",3,"Recommended,Design,Apex","apps\salesforce\force-app\main\default\classes\DocEngineInstanceController.cls",418,18,506,4,"The method 'uploadFieldImageImpl(String, String, String)' has a cognitive complexity of 17, current threshold is 15","https://docs.pmd-code.org/pmd-doc-7.26.0/pmd_rules_apex_design.html#cognitivecomplexity"
"CyclomaticComplexity","pmd",3,"Recommended,Design,Apex","apps\salesforce\force-app\main\default\classes\DocEngineInstanceController.cls",418,18,506,4,"The method 'uploadFieldImageImpl(String, String, String)' has a cyclomatic complexity of 25.","https://docs.pmd-code.org/pmd-doc-7.26.0/pmd_rules_apex_design.html#cyclomaticcomplexity"
"NcssCount","pmd",3,"Recommended,Apex,Custom","apps\salesforce\force-app\main\default\classes\DocEngineInstanceController.cls",418,18,506,4,"The method 'uploadFieldImageImpl(String,String,String)' has a NCSS line count of 47 (limit: 40).","https://docs.pmd-code.org/pmd-doc-7.26.0/pmd_rules_apex_design.html#ncsscount"
"ApexDoc","pmd",4,"Recommended,Documentation,Apex","apps\salesforce\force-app\main\default\classes\DocEngineInstanceController.cls",513,17,569,4,"Missing ApexDoc @return","https://docs.pmd-code.org/pmd-doc-7.26.0/pmd_rules_apex_documentation.html#apexdoc"
"ApexDoc","pmd",4,"Recommended,Documentation,Apex","apps\salesforce\force-app\main\default\classes\DocEngineInstanceController.cls",513,17,569,4,"Missing or mismatched ApexDoc @param","https://docs.pmd-code.org/pmd-doc-7.26.0/pmd_rules_apex_documentation.html#apexdoc"
"CyclomaticComplexity","pmd",3,"Recommended,Design,Apex","apps\salesforce\force-app\main\default\classes\DocEngineInstanceController.cls",513,17,569,4,"The method 'listRecordImages(String)' has a cyclomatic complexity of 11.","https://docs.pmd-code.org/pmd-doc-7.26.0/pmd_rules_apex_design.html#cyclomaticcomplexity"
"ApexDoc","pmd",4,"Recommended,Documentation,Apex","apps\salesforce\force-app\main\default\classes\DocEngineInstanceController.cls",575,17,611,4,"Missing ApexDoc @return","https://docs.pmd-code.org/pmd-doc-7.26.0/pmd_rules_apex_documentation.html#apexdoc"
"ApexDoc","pmd",4,"Recommended,Documentation,Apex","apps\salesforce\force-app\main\default\classes\DocEngineInstanceController.cls",575,17,611,4,"Missing or mismatched ApexDoc @param","https://docs.pmd-code.org/pmd-doc-7.26.0/pmd_rules_apex_documentation.html#apexdoc"
"CyclomaticComplexity","pmd",3,"Recommended,Design,Apex","apps\salesforce\force-app\main\default\classes\DocEngineInstanceController.cls",575,17,611,4,"The method 'resolveFieldImage(String, String)' has a cyclomatic complexity of 10.","https://docs.pmd-code.org/pmd-doc-7.26.0/pmd_rules_apex_design.html#cyclomaticcomplexity"
"ApexDoc","pmd",4,"Recommended,Documentation,Apex","apps\salesforce\force-app\main\default\classes\DocEngineInstanceController.cls",623,17,637,4,"Missing ApexDoc @return","https://docs.pmd-code.org/pmd-doc-7.26.0/pmd_rules_apex_documentation.html#apexdoc"
"ApexDoc","pmd",4,"Recommended,Documentation,Apex","apps\salesforce\force-app\main\default\classes\DocEngineInstanceController.cls",623,17,637,4,"Missing or mismatched ApexDoc @param","https://docs.pmd-code.org/pmd-doc-7.26.0/pmd_rules_apex_documentation.html#apexdoc"
"ApexDoc","pmd",4,"Recommended,Documentation,Apex","apps\salesforce\force-app\main\default\classes\DocEngineInstanceController.cls",642,17,648,4,"Missing ApexDoc @return","https://docs.pmd-code.org/pmd-doc-7.26.0/pmd_rules_apex_documentation.html#apexdoc"
"ApexDoc","pmd",4,"Recommended,Documentation,Apex","apps\salesforce\force-app\main\default\classes\DocEngineInstanceController.cls",642,17,648,4,"Missing or mismatched ApexDoc @param","https://docs.pmd-code.org/pmd-doc-7.26.0/pmd_rules_apex_documentation.html#apexdoc"
"ApexDoc","pmd",4,"Recommended,Documentation,Apex","apps\salesforce\force-app\main\default\classes\DocEngineInstanceController.cls",654,17,664,4,"Missing ApexDoc @return","https://docs.pmd-code.org/pmd-doc-7.26.0/pmd_rules_apex_documentation.html#apexdoc"
"ApexDoc","pmd",4,"Recommended,Documentation,Apex","apps\salesforce\force-app\main\default\classes\DocEngineInstanceController.cls",654,17,664,4,"Missing or mismatched ApexDoc @param","https://docs.pmd-code.org/pmd-doc-7.26.0/pmd_rules_apex_documentation.html#apexdoc"
"ExcessiveParameterList","pmd",3,"Recommended,Design,Apex","apps\salesforce\force-app\main\default\classes\DocEngineInstanceController.cls",671,17,675,18,"Avoid long parameter lists (4 parameters - threshold is 4).","https://docs.pmd-code.org/pmd-doc-7.26.0/pmd_rules_apex_design.html#excessiveparameterlist"
"ApexDoc","pmd",4,"Recommended,Documentation,Apex","apps\salesforce\force-app\main\default\classes\DocEngineInstanceController.cls",671,17,759,4,"Missing ApexDoc @return","https://docs.pmd-code.org/pmd-doc-7.26.0/pmd_rules_apex_documentation.html#apexdoc"
"ApexDoc","pmd",4,"Recommended,Documentation,Apex","apps\salesforce\force-app\main\default\classes\DocEngineInstanceController.cls",671,17,759,4,"Missing or mismatched ApexDoc @param","https://docs.pmd-code.org/pmd-doc-7.26.0/pmd_rules_apex_documentation.html#apexdoc"
"CyclomaticComplexity","pmd",3,"Recommended,Design,Apex","apps\salesforce\force-app\main\default\classes\DocEngineInstanceController.cls",671,17,759,4,"The method 'prepareShare(Id, String, String, String)' has a cyclomatic complexity of 12.","https://docs.pmd-code.org/pmd-doc-7.26.0/pmd_rules_apex_design.html#cyclomaticcomplexity"
"AvoidInvalidCrudContentDistribution","pmd",3,"AppExchange,Security,Apex","apps\salesforce\force-app\main\default\classes\DocEngineInstanceController.cls",705,10,705,63,"Do not use Schema.DescribeSObjectResult methods to enforce CRUD check on ContentDistribution","https://developer.salesforce.com/docs/platform/salesforce-code-analyzer/guide/rules-pmd-appexchange.html#avoidinvalidcrudcontentdistribution"
"ExcessiveParameterList","pmd",3,"Recommended,Design,Apex","apps\salesforce\force-app\main\default\classes\DocEngineInstanceController.cls",768,17,774,21,"Avoid long parameter lists (6 parameters - threshold is 4).","https://docs.pmd-code.org/pmd-doc-7.26.0/pmd_rules_apex_design.html#excessiveparameterlist"
"ApexDoc","pmd",4,"Recommended,Documentation,Apex","apps\salesforce\force-app\main\default\classes\DocEngineInstanceController.cls",768,17,891,4,"Missing or mismatched ApexDoc @param","https://docs.pmd-code.org/pmd-doc-7.26.0/pmd_rules_apex_documentation.html#apexdoc"
"CognitiveComplexity","pmd",3,"Recommended,Design,Apex","apps\salesforce\force-app\main\default\classes\DocEngineInstanceController.cls",768,17,891,4,"The method 'sendShareEmail(Id, String, String, String, Boolean, Id)' has a cognitive complexity of 29, current threshold is 15","https://docs.pmd-code.org/pmd-doc-7.26.0/pmd_rules_apex_design.html#cognitivecomplexity"
"CyclomaticComplexity","pmd",3,"Recommended,Design,Apex","apps\salesforce\force-app\main\default\classes\DocEngineInstanceController.cls",768,17,891,4,"The method 'sendShareEmail(Id, String, String, String, Boolean, Id)' has a cyclomatic complexity of 40.","https://docs.pmd-code.org/pmd-doc-7.26.0/pmd_rules_apex_design.html#cyclomaticcomplexity"
"NcssCount","pmd",3,"Recommended,Apex,Custom","apps\salesforce\force-app\main\default\classes\DocEngineInstanceController.cls",768,17,891,4,"The method 'sendShareEmail(Id,String,String,String,Boolean,Id)' has a NCSS line count of 56 (limit: 40).","https://docs.pmd-code.org/pmd-doc-7.26.0/pmd_rules_apex_design.html#ncsscount"
"AvoidBooleanMethodParameters","pmd",3,"Recommended,Design,Apex","apps\salesforce\force-app\main\default\classes\DocEngineInstanceController.cls",773,5,773,23,"Avoid Boolean method parameters","https://docs.pmd-code.org/pmd-doc-7.26.0/pmd_rules_apex_design.html#avoidbooleanmethodparameters"
"ExcessiveParameterList","pmd",3,"Recommended,Design,Apex","apps\salesforce\force-app\main\default\classes\DocEngineInstanceController.cls",897,18,901,16,"Avoid long parameter lists (4 parameters - threshold is 4).","https://docs.pmd-code.org/pmd-doc-7.26.0/pmd_rules_apex_design.html#excessiveparameterlist"
"ApexDoc","pmd",4,"Recommended,Documentation,Apex","apps\salesforce\force-app\main\default\classes\DocEngineInstanceController.cls",897,18,952,4,"Missing or mismatched ApexDoc @param","https://docs.pmd-code.org/pmd-doc-7.26.0/pmd_rules_apex_documentation.html#apexdoc"
"ExcessiveParameterList","pmd",3,"Recommended,Design,Apex","apps\salesforce\force-app\main\default\classes\DocEngineInstanceController.cls",960,17,964,20,"Avoid long parameter lists (4 parameters - threshold is 4).","https://docs.pmd-code.org/pmd-doc-7.26.0/pmd_rules_apex_design.html#excessiveparameterlist"
"ApexDoc","pmd",4,"Recommended,Documentation,Apex","apps\salesforce\force-app\main\default\classes\DocEngineInstanceController.cls",960,17,1074,4,"Missing ApexDoc @return","https://docs.pmd-code.org/pmd-doc-7.26.0/pmd_rules_apex_documentation.html#apexdoc"
"ApexDoc","pmd",4,"Recommended,Documentation,Apex","apps\salesforce\force-app\main\default\classes\DocEngineInstanceController.cls",960,17,1074,4,"Missing or mismatched ApexDoc @param","https://docs.pmd-code.org/pmd-doc-7.26.0/pmd_rules_apex_documentation.html#apexdoc"
"CognitiveComplexity","pmd",3,"Recommended,Design,Apex","apps\salesforce\force-app\main\default\classes\DocEngineInstanceController.cls",960,17,1074,4,"The method 'saveFileFromBlob(Id, Blob, String, String)' has a cognitive complexity of 19, current threshold is 15","https://docs.pmd-code.org/pmd-doc-7.26.0/pmd_rules_apex_design.html#cognitivecomplexity"
"CyclomaticComplexity","pmd",3,"Recommended,Design,Apex","apps\salesforce\force-app\main\default\classes\DocEngineInstanceController.cls",960,17,1074,4,"The method 'saveFileFromBlob(Id, Blob, String, String)' has a cyclomatic complexity of 18.","https://docs.pmd-code.org/pmd-doc-7.26.0/pmd_rules_apex_design.html#cyclomaticcomplexity"
"NcssCount","pmd",3,"Recommended,Apex,Custom","apps\salesforce\force-app\main\default\classes\DocEngineInstanceController.cls",960,17,1074,4,"The method 'saveFileFromBlob(Id,Blob,String,String)' has a NCSS line count of 59 (limit: 40).","https://docs.pmd-code.org/pmd-doc-7.26.0/pmd_rules_apex_design.html#ncsscount"
"AvoidDeeplyNestedIfStmts","pmd",3,"Recommended,Design,Apex","apps\salesforce\force-app\main\default\classes\DocEngineInstanceController.cls",1039,9,1053,10,"Deeply nested if..then statements are hard to read","https://docs.pmd-code.org/pmd-doc-7.26.0/pmd_rules_apex_design.html#avoiddeeplynestedifstmts"
"CognitiveComplexity","pmd",3,"Recommended,Design,Apex","apps\salesforce\force-app\main\default\classes\DocEngineInstanceController.cls",1096,18,1146,4,"The method 'assertFileLinkedToAuthorizedRecord(Id, String)' has a cognitive complexity of 19, current threshold is 15","https://docs.pmd-code.org/pmd-doc-7.26.0/pmd_rules_apex_design.html#cognitivecomplexity"
"CyclomaticComplexity","pmd",3,"Recommended,Design,Apex","apps\salesforce\force-app\main\default\classes\DocEngineInstanceController.cls",1096,18,1146,4,"The method 'assertFileLinkedToAuthorizedRecord(Id, String)' has a cyclomatic complexity of 14.","https://docs.pmd-code.org/pmd-doc-7.26.0/pmd_rules_apex_design.html#cyclomaticcomplexity"
"ApexDoc","pmd",4,"Recommended,Documentation,Apex","apps\salesforce\force-app\main\default\classes\DocEngineInstanceController.cls",1261,18,1277,4,"Missing ApexDoc @return","https://docs.pmd-code.org/pmd-doc-7.26.0/pmd_rules_apex_documentation.html#apexdoc"
"ApexDoc","pmd",4,"Recommended,Documentation,Apex","apps\salesforce\force-app\main\default\classes\DocEngineInstanceController.cls",1261,18,1277,4,"Missing or mismatched ApexDoc @param","https://docs.pmd-code.org/pmd-doc-7.26.0/pmd_rules_apex_documentation.html#apexdoc"
"CyclomaticComplexity","pmd",3,"Recommended,Design,Apex","apps\salesforce\force-app\main\default\classes\DocEngineInstanceController.cls",1399,18,1437,4,"The method 'parseInstanceDto(String)' has a cyclomatic complexity of 12.","https://docs.pmd-code.org/pmd-doc-7.26.0/pmd_rules_apex_design.html#cyclomaticcomplexity"
"ApexDoc","pmd",4,"Recommended,Documentation,Apex","apps\salesforce\force-app\main\default\classes\DocEngineInstanceController.cls",1458,18,1463,4,"Missing ApexDoc @return","https://docs.pmd-code.org/pmd-doc-7.26.0/pmd_rules_apex_documentation.html#apexdoc"
"ApexDoc","pmd",4,"Recommended,Documentation,Apex","apps\salesforce\force-app\main\default\classes\DocEngineInstanceController.cls",1458,18,1463,4,"Missing or mismatched ApexDoc @param","https://docs.pmd-code.org/pmd-doc-7.26.0/pmd_rules_apex_documentation.html#apexdoc"
"ApexUnitTestClassShouldHaveRunAs","pmd",4,"Recommended,BestPractices,Apex","apps\salesforce\force-app\main\default\classes\DocEngineInstanceControllerTest.cls",17,10,70,4,"Apex unit test classes should have at least one System.runAs() call","https://docs.pmd-code.org/pmd-doc-7.26.0/pmd_rules_apex_bestpractices.html#apexunittestclassshouldhaverunas"
"ApexUnitTestClassShouldHaveRunAs","pmd",4,"Recommended,BestPractices,Apex","apps\salesforce\force-app\main\default\classes\DocEngineInstanceControllerTest.cls",73,10,114,4,"Apex unit test classes should have at least one System.runAs() call","https://docs.pmd-code.org/pmd-doc-7.26.0/pmd_rules_apex_bestpractices.html#apexunittestclassshouldhaverunas"
"ApexUnitTestClassShouldHaveRunAs","pmd",4,"Recommended,BestPractices,Apex","apps\salesforce\force-app\main\default\classes\DocEngineInstanceControllerTest.cls",117,10,179,4,"Apex unit test classes should have at least one System.runAs() call","https://docs.pmd-code.org/pmd-doc-7.26.0/pmd_rules_apex_bestpractices.html#apexunittestclassshouldhaverunas"
"ApexUnitTestClassShouldHaveRunAs","pmd",4,"Recommended,BestPractices,Apex","apps\salesforce\force-app\main\default\classes\DocEngineInstanceControllerTest.cls",182,10,211,4,"Apex unit test classes should have at least one System.runAs() call","https://docs.pmd-code.org/pmd-doc-7.26.0/pmd_rules_apex_bestpractices.html#apexunittestclassshouldhaverunas"
"ApexUnitTestClassShouldHaveRunAs","pmd",4,"Recommended,BestPractices,Apex","apps\salesforce\force-app\main\default\classes\DocEngineInstanceControllerTest.cls",214,10,259,4,"Apex unit test classes should have at least one System.runAs() call","https://docs.pmd-code.org/pmd-doc-7.26.0/pmd_rules_apex_bestpractices.html#apexunittestclassshouldhaverunas"
"ApexUnitTestClassShouldHaveRunAs","pmd",4,"Recommended,BestPractices,Apex","apps\salesforce\force-app\main\default\classes\DocEngineInstanceControllerTest.cls",262,10,294,4,"Apex unit test classes should have at least one System.runAs() call","https://docs.pmd-code.org/pmd-doc-7.26.0/pmd_rules_apex_bestpractices.html#apexunittestclassshouldhaverunas"
"ApexUnitTestClassShouldHaveRunAs","pmd",4,"Recommended,BestPractices,Apex","apps\salesforce\force-app\main\default\classes\DocEngineInstanceControllerTest.cls",297,10,335,4,"Apex unit test classes should have at least one System.runAs() call","https://docs.pmd-code.org/pmd-doc-7.26.0/pmd_rules_apex_bestpractices.html#apexunittestclassshouldhaverunas"
"ApexUnitTestClassShouldHaveRunAs","pmd",4,"Recommended,BestPractices,Apex","apps\salesforce\force-app\main\default\classes\DocEngineInstanceControllerTest.cls",338,10,369,4,"Apex unit test classes should have at least one System.runAs() call","https://docs.pmd-code.org/pmd-doc-7.26.0/pmd_rules_apex_bestpractices.html#apexunittestclassshouldhaverunas"
"ApexUnitTestClassShouldHaveRunAs","pmd",4,"Recommended,BestPractices,Apex","apps\salesforce\force-app\main\default\classes\DocEngineInstanceControllerTest.cls",372,10,400,4,"Apex unit test classes should have at least one System.runAs() call","https://docs.pmd-code.org/pmd-doc-7.26.0/pmd_rules_apex_bestpractices.html#apexunittestclassshouldhaverunas"
"ApexUnitTestClassShouldHaveRunAs","pmd",4,"Recommended,BestPractices,Apex","apps\salesforce\force-app\main\default\classes\DocEngineInstanceControllerTest.cls",468,10,496,4,"Apex unit test classes should have at least one System.runAs() call","https://docs.pmd-code.org/pmd-doc-7.26.0/pmd_rules_apex_bestpractices.html#apexunittestclassshouldhaverunas"
"ApexUnitTestClassShouldHaveRunAs","pmd",4,"Recommended,BestPractices,Apex","apps\salesforce\force-app\main\default\classes\DocEngineInstanceControllerTest.cls",499,10,526,4,"Apex unit test classes should have at least one System.runAs() call","https://docs.pmd-code.org/pmd-doc-7.26.0/pmd_rules_apex_bestpractices.html#apexunittestclassshouldhaverunas"
"ApexUnitTestClassShouldHaveRunAs","pmd",4,"Recommended,BestPractices,Apex","apps\salesforce\force-app\main\default\classes\DocEngineInstanceControllerTest.cls",529,10,561,4,"Apex unit test classes should have at least one System.runAs() call","https://docs.pmd-code.org/pmd-doc-7.26.0/pmd_rules_apex_bestpractices.html#apexunittestclassshouldhaverunas"
"ApexUnitTestClassShouldHaveRunAs","pmd",4,"Recommended,BestPractices,Apex","apps\salesforce\force-app\main\default\classes\DocEngineInstanceControllerTest.cls",564,10,583,4,"Apex unit test classes should have at least one System.runAs() call","https://docs.pmd-code.org/pmd-doc-7.26.0/pmd_rules_apex_bestpractices.html#apexunittestclassshouldhaverunas"
"ApexUnitTestClassShouldHaveRunAs","pmd",4,"Recommended,BestPractices,Apex","apps\salesforce\force-app\main\default\classes\DocEngineInstanceControllerTest.cls",586,10,621,4,"Apex unit test classes should have at least one System.runAs() call","https://docs.pmd-code.org/pmd-doc-7.26.0/pmd_rules_apex_bestpractices.html#apexunittestclassshouldhaverunas"
"ApexUnitTestClassShouldHaveRunAs","pmd",4,"Recommended,BestPractices,Apex","apps\salesforce\force-app\main\default\classes\DocEngineInstanceControllerTest.cls",624,10,644,4,"Apex unit test classes should have at least one System.runAs() call","https://docs.pmd-code.org/pmd-doc-7.26.0/pmd_rules_apex_bestpractices.html#apexunittestclassshouldhaverunas"
"ApexUnitTestClassShouldHaveRunAs","pmd",4,"Recommended,BestPractices,Apex","apps\salesforce\force-app\main\default\classes\DocEngineInstanceControllerTest.cls",647,10,667,4,"Apex unit test classes should have at least one System.runAs() call","https://docs.pmd-code.org/pmd-doc-7.26.0/pmd_rules_apex_bestpractices.html#apexunittestclassshouldhaverunas"
"ApexUnitTestClassShouldHaveRunAs","pmd",4,"Recommended,BestPractices,Apex","apps\salesforce\force-app\main\default\classes\DocEngineInstanceControllerTest.cls",670,10,726,4,"Apex unit test classes should have at least one System.runAs() call","https://docs.pmd-code.org/pmd-doc-7.26.0/pmd_rules_apex_bestpractices.html#apexunittestclassshouldhaverunas"
"NcssCount","pmd",3,"Recommended,Apex,Custom","apps\salesforce\force-app\main\default\classes\DocEngineInstanceControllerTest.cls",670,10,726,4,"The method 'rejectsVersionSubstitutionAndDocumentRetargeting()' has a NCSS line count of 43 (limit: 40).","https://docs.pmd-code.org/pmd-doc-7.26.0/pmd_rules_apex_design.html#ncsscount"
"CognitiveComplexity","pmd",3,"Recommended,Design,Apex","apps\salesforce\force-app\main\default\classes\DocEngineListController.cls",7,21,201,2,"The class 'DocEngineListController' has a total cognitive complexity of 64 (highest 19), current threshold is 50","https://docs.pmd-code.org/pmd-doc-7.26.0/pmd_rules_apex_design.html#cognitivecomplexity"
"ApexDoc","pmd",4,"Recommended,Documentation,Apex","apps\salesforce\force-app\main\default\classes\DocEngineListController.cls",8,10,20,4,"Missing ApexDoc comment","https://docs.pmd-code.org/pmd-doc-7.26.0/pmd_rules_apex_documentation.html#apexdoc"
"ApexDoc","pmd",4,"Recommended,Documentation,Apex","apps\salesforce\force-app\main\default\classes\DocEngineListController.cls",14,12,19,6,"Missing ApexDoc comment","https://docs.pmd-code.org/pmd-doc-7.26.0/pmd_rules_apex_documentation.html#apexdoc"
"ApexDoc","pmd",4,"Recommended,Documentation,Apex","apps\salesforce\force-app\main\default\classes\DocEngineListController.cls",28,17,48,4,"Missing ApexDoc @return","https://docs.pmd-code.org/pmd-doc-7.26.0/pmd_rules_apex_documentation.html#apexdoc"
"ApexDoc","pmd",4,"Recommended,Documentation,Apex","apps\salesforce\force-app\main\default\classes\DocEngineListController.cls",28,17,48,4,"Missing ApexDoc main description","https://docs.pmd-code.org/pmd-doc-7.26.0/pmd_rules_apex_documentation.html#apexdoc"
"CyclomaticComplexity","pmd",3,"Recommended,Design,Apex","apps\salesforce\force-app\main\default\classes\DocEngineListController.cls",50,18,91,4,"The method 'resolvePicklist(String, String, String)' has a cyclomatic complexity of 13.","https://docs.pmd-code.org/pmd-doc-7.26.0/pmd_rules_apex_design.html#cyclomaticcomplexity"
"CognitiveComplexity","pmd",3,"Recommended,Design,Apex","apps\salesforce\force-app\main\default\classes\DocEngineListController.cls",93,18,185,4,"The method 'searchByName(String, String)' has a cognitive complexity of 19, current threshold is 15","https://docs.pmd-code.org/pmd-doc-7.26.0/pmd_rules_apex_design.html#cognitivecomplexity"
"CyclomaticComplexity","pmd",3,"Recommended,Design,Apex","apps\salesforce\force-app\main\default\classes\DocEngineListController.cls",93,18,185,4,"The method 'searchByName(String, String)' has a cyclomatic complexity of 18.","https://docs.pmd-code.org/pmd-doc-7.26.0/pmd_rules_apex_design.html#cyclomaticcomplexity"
"UnusedLocalVariable","pmd",3,"Recommended,BestPractices,Apex","apps\salesforce\force-app\main\default\classes\DocEngineListController.cls",154,14,154,74,"Variable 'findTerm' defined but not used","https://docs.pmd-code.org/pmd-doc-7.26.0/pmd_rules_apex_bestpractices.html#unusedlocalvariable"
"ApexUnitTestClassShouldHaveRunAs","pmd",4,"Recommended,BestPractices,Apex","apps\salesforce\force-app\main\default\classes\DocEngineListControllerTest.cls",4,10,14,4,"Apex unit test classes should have at least one System.runAs() call","https://docs.pmd-code.org/pmd-doc-7.26.0/pmd_rules_apex_bestpractices.html#apexunittestclassshouldhaverunas"
"ApexUnitTestClassShouldHaveRunAs","pmd",4,"Recommended,BestPractices,Apex","apps\salesforce\force-app\main\default\classes\DocEngineListControllerTest.cls",17,10,26,4,"Apex unit test classes should have at least one System.runAs() call","https://docs.pmd-code.org/pmd-doc-7.26.0/pmd_rules_apex_bestpractices.html#apexunittestclassshouldhaverunas"
"ApexUnitTestClassShouldHaveRunAs","pmd",4,"Recommended,BestPractices,Apex","apps\salesforce\force-app\main\default\classes\DocEngineListControllerTest.cls",29,10,40,4,"Apex unit test classes should have at least one System.runAs() call","https://docs.pmd-code.org/pmd-doc-7.26.0/pmd_rules_apex_bestpractices.html#apexunittestclassshouldhaverunas"
"ApexUnitTestClassShouldHaveRunAs","pmd",4,"Recommended,BestPractices,Apex","apps\salesforce\force-app\main\default\classes\DocEngineListControllerTest.cls",43,10,67,4,"Apex unit test classes should have at least one System.runAs() call","https://docs.pmd-code.org/pmd-doc-7.26.0/pmd_rules_apex_bestpractices.html#apexunittestclassshouldhaverunas"
"ApexUnitTestClassShouldHaveRunAs","pmd",4,"Recommended,BestPractices,Apex","apps\salesforce\force-app\main\default\classes\DocEngineListControllerTest.cls",70,10,77,4,"Apex unit test classes should have at least one System.runAs() call","https://docs.pmd-code.org/pmd-doc-7.26.0/pmd_rules_apex_bestpractices.html#apexunittestclassshouldhaverunas"
"ApexUnitTestClassShouldHaveRunAs","pmd",4,"Recommended,BestPractices,Apex","apps\salesforce\force-app\main\default\classes\DocEngineListControllerTest.cls",80,10,83,4,"Apex unit test classes should have at least one System.runAs() call","https://docs.pmd-code.org/pmd-doc-7.26.0/pmd_rules_apex_bestpractices.html#apexunittestclassshouldhaverunas"
"CognitiveComplexity","pmd",3,"Recommended,Design,Apex","apps\salesforce\force-app\main\default\classes\DocEngineMergeController.cls",10,21,562,2,"The class 'DocEngineMergeController' has a total cognitive complexity of 248 (highest 37), current threshold is 50","https://docs.pmd-code.org/pmd-doc-7.26.0/pmd_rules_apex_design.html#cognitivecomplexity"
"CyclomaticComplexity","pmd",3,"Recommended,Design,Apex","apps\salesforce\force-app\main\default\classes\DocEngineMergeController.cls",10,21,562,2,"The class 'DocEngineMergeController' has a total cyclomatic complexity of 140 (highest 31).","https://docs.pmd-code.org/pmd-doc-7.26.0/pmd_rules_apex_design.html#cyclomaticcomplexity"
"ApexDoc","pmd",4,"Recommended,Documentation,Apex","apps\salesforce\force-app\main\default\classes\DocEngineMergeController.cls",18,17,158,4,"Missing ApexDoc @return","https://docs.pmd-code.org/pmd-doc-7.26.0/pmd_rules_apex_documentation.html#apexdoc"
"ApexDoc","pmd",4,"Recommended,Documentation,Apex","apps\salesforce\force-app\main\default\classes\DocEngineMergeController.cls",18,17,158,4,"Missing ApexDoc main description","https://docs.pmd-code.org/pmd-doc-7.26.0/pmd_rules_apex_documentation.html#apexdoc"
"ApexDoc","pmd",4,"Recommended,Documentation,Apex","apps\salesforce\force-app\main\default\classes\DocEngineMergeController.cls",18,17,158,4,"Missing or mismatched ApexDoc @param","https://docs.pmd-code.org/pmd-doc-7.26.0/pmd_rules_apex_documentation.html#apexdoc"
"CognitiveComplexity","pmd",3,"Recommended,Design,Apex","apps\salesforce\force-app\main\default\classes\DocEngineMergeController.cls",18,17,158,4,"The method 'buildPayload(Id, Id, Id)' has a cognitive complexity of 37, current threshold is 15","https://docs.pmd-code.org/pmd-doc-7.26.0/pmd_rules_apex_design.html#cognitivecomplexity"
"CyclomaticComplexity","pmd",3,"Recommended,Design,Apex","apps\salesforce\force-app\main\default\classes\DocEngineMergeController.cls",18,17,158,4,"The method 'buildPayload(Id, Id, Id)' has a cyclomatic complexity of 31.","https://docs.pmd-code.org/pmd-doc-7.26.0/pmd_rules_apex_design.html#cyclomaticcomplexity"
"NcssCount","pmd",3,"Recommended,Apex,Custom","apps\salesforce\force-app\main\default\classes\DocEngineMergeController.cls",18,17,158,4,"The method 'buildPayload(Id,Id,Id)' has a NCSS line count of 65 (limit: 40).","https://docs.pmd-code.org/pmd-doc-7.26.0/pmd_rules_apex_design.html#ncsscount"
"EagerlyLoadedDescribeSObjectResult","pmd",2,"Recommended,Performance,Apex","apps\salesforce\force-app\main\default\classes\DocEngineMergeController.cls",56,45,56,70,"DescribeSObjectResult could be being loaded eagerly with all child relationships.","https://docs.pmd-code.org/pmd-doc-7.26.0/pmd_rules_apex_performance.html#eagerlyloadeddescribesobjectresult"
"ApexDoc","pmd",4,"Recommended,Documentation,Apex","apps\salesforce\force-app\main\default\classes\DocEngineMergeController.cls",217,18,246,4,"Missing ApexDoc @return","https://docs.pmd-code.org/pmd-doc-7.26.0/pmd_rules_apex_documentation.html#apexdoc"
"ApexDoc","pmd",4,"Recommended,Documentation,Apex","apps\salesforce\force-app\main\default\classes\DocEngineMergeController.cls",217,18,246,4,"Missing or mismatched ApexDoc @param","https://docs.pmd-code.org/pmd-doc-7.26.0/pmd_rules_apex_documentation.html#apexdoc"
"ApexDoc","pmd",4,"Recommended,Documentation,Apex","apps\salesforce\force-app\main\default\classes\DocEngineMergeController.cls",272,18,300,4,"Missing ApexDoc @return","https://docs.pmd-code.org/pmd-doc-7.26.0/pmd_rules_apex_documentation.html#apexdoc"
"ApexDoc","pmd",4,"Recommended,Documentation,Apex","apps\salesforce\force-app\main\default\classes\DocEngineMergeController.cls",272,18,300,4,"Missing or mismatched ApexDoc @param","https://docs.pmd-code.org/pmd-doc-7.26.0/pmd_rules_apex_documentation.html#apexdoc"
"ApexDoc","pmd",4,"Recommended,Documentation,Apex","apps\salesforce\force-app\main\default\classes\DocEngineMergeController.cls",306,18,324,4,"Missing ApexDoc @return","https://docs.pmd-code.org/pmd-doc-7.26.0/pmd_rules_apex_documentation.html#apexdoc"
"ApexDoc","pmd",4,"Recommended,Documentation,Apex","apps\salesforce\force-app\main\default\classes\DocEngineMergeController.cls",306,18,324,4,"Missing or mismatched ApexDoc @param","https://docs.pmd-code.org/pmd-doc-7.26.0/pmd_rules_apex_documentation.html#apexdoc"
"ApexDoc","pmd",4,"Recommended,Documentation,Apex","apps\salesforce\force-app\main\default\classes\DocEngineMergeController.cls",332,18,345,4,"Missing ApexDoc @return","https://docs.pmd-code.org/pmd-doc-7.26.0/pmd_rules_apex_documentation.html#apexdoc"
"ApexDoc","pmd",4,"Recommended,Documentation,Apex","apps\salesforce\force-app\main\default\classes\DocEngineMergeController.cls",332,18,345,4,"Missing or mismatched ApexDoc @param","https://docs.pmd-code.org/pmd-doc-7.26.0/pmd_rules_apex_documentation.html#apexdoc"
"CognitiveComplexity","pmd",3,"Recommended,Design,Apex","apps\salesforce\force-app\main\default\classes\DocEngineMergeController.cls",347,18,377,4,"The method 'walkMappingForPaths(Object, Set<String>)' has a cognitive complexity of 18, current threshold is 15","https://docs.pmd-code.org/pmd-doc-7.26.0/pmd_rules_apex_design.html#cognitivecomplexity"
"CyclomaticComplexity","pmd",3,"Recommended,Design,Apex","apps\salesforce\force-app\main\default\classes\DocEngineMergeController.cls",379,18,401,4,"The method 'addNormalizedPath(Set<String>, String)' has a cyclomatic complexity of 11.","https://docs.pmd-code.org/pmd-doc-7.26.0/pmd_rules_apex_design.html#cyclomaticcomplexity"
"ApexDoc","pmd",4,"Recommended,Documentation,Apex","apps\salesforce\force-app\main\default\classes\DocEngineMergeController.cls",407,18,430,4,"Missing ApexDoc @return","https://docs.pmd-code.org/pmd-doc-7.26.0/pmd_rules_apex_documentation.html#apexdoc"
"ApexDoc","pmd",4,"Recommended,Documentation,Apex","apps\salesforce\force-app\main\default\classes\DocEngineMergeController.cls",407,18,430,4,"Missing or mismatched ApexDoc @param","https://docs.pmd-code.org/pmd-doc-7.26.0/pmd_rules_apex_documentation.html#apexdoc"
"ApexDoc","pmd",4,"Recommended,Documentation,Apex","apps\salesforce\force-app\main\default\classes\DocEngineMergeController.cls",464,18,500,4,"Missing ApexDoc @return","https://docs.pmd-code.org/pmd-doc-7.26.0/pmd_rules_apex_documentation.html#apexdoc"
"ApexDoc","pmd",4,"Recommended,Documentation,Apex","apps\salesforce\force-app\main\default\classes\DocEngineMergeController.cls",464,18,500,4,"Missing or mismatched ApexDoc @param","https://docs.pmd-code.org/pmd-doc-7.26.0/pmd_rules_apex_documentation.html#apexdoc"
"CognitiveComplexity","pmd",3,"Recommended,Design,Apex","apps\salesforce\force-app\main\default\classes\DocEngineMergeController.cls",464,18,500,4,"The method 'sobjectBranchToMap(SObject, Set<String>)' has a cognitive complexity of 25, current threshold is 15","https://docs.pmd-code.org/pmd-doc-7.26.0/pmd_rules_apex_design.html#cognitivecomplexity"
"CyclomaticComplexity","pmd",3,"Recommended,Design,Apex","apps\salesforce\force-app\main\default\classes\DocEngineMergeController.cls",464,18,500,4,"The method 'sobjectBranchToMap(SObject, Set<String>)' has a cyclomatic complexity of 13.","https://docs.pmd-code.org/pmd-doc-7.26.0/pmd_rules_apex_design.html#cyclomaticcomplexity"
"AvoidDeeplyNestedIfStmts","pmd",3,"Recommended,Design,Apex","apps\salesforce\force-app\main\default\classes\DocEngineMergeController.cls",485,11,489,12,"Deeply nested if..then statements are hard to read","https://docs.pmd-code.org/pmd-doc-7.26.0/pmd_rules_apex_design.html#avoiddeeplynestedifstmts"
"ApexUnitTestClassShouldHaveRunAs","pmd",4,"Recommended,BestPractices,Apex","apps\salesforce\force-app\main\default\classes\DocEngineMergeControllerTest.cls",4,10,25,4,"Apex unit test classes should have at least one System.runAs() call","https://docs.pmd-code.org/pmd-doc-7.26.0/pmd_rules_apex_bestpractices.html#apexunittestclassshouldhaverunas"
"ApexUnitTestClassShouldHaveRunAs","pmd",4,"Recommended,BestPractices,Apex","apps\salesforce\force-app\main\default\classes\DocEngineMergeControllerTest.cls",28,10,35,4,"Apex unit test classes should have at least one System.runAs() call","https://docs.pmd-code.org/pmd-doc-7.26.0/pmd_rules_apex_bestpractices.html#apexunittestclassshouldhaverunas"
"ApexUnitTestClassShouldHaveRunAs","pmd",4,"Recommended,BestPractices,Apex","apps\salesforce\force-app\main\default\classes\DocEngineMergeControllerTest.cls",38,10,57,4,"Apex unit test classes should have at least one System.runAs() call","https://docs.pmd-code.org/pmd-doc-7.26.0/pmd_rules_apex_bestpractices.html#apexunittestclassshouldhaverunas"
"ApexUnitTestClassShouldHaveRunAs","pmd",4,"Recommended,BestPractices,Apex","apps\salesforce\force-app\main\default\classes\DocEngineMergeControllerTest.cls",60,10,67,4,"Apex unit test classes should have at least one System.runAs() call","https://docs.pmd-code.org/pmd-doc-7.26.0/pmd_rules_apex_bestpractices.html#apexunittestclassshouldhaverunas"
"ApexUnitTestClassShouldHaveRunAs","pmd",4,"Recommended,BestPractices,Apex","apps\salesforce\force-app\main\default\classes\DocEngineMergeControllerTest.cls",70,10,93,4,"Apex unit test classes should have at least one System.runAs() call","https://docs.pmd-code.org/pmd-doc-7.26.0/pmd_rules_apex_bestpractices.html#apexunittestclassshouldhaverunas"
"ApexUnitTestClassShouldHaveRunAs","pmd",4,"Recommended,BestPractices,Apex","apps\salesforce\force-app\main\default\classes\DocEngineMergeControllerTest.cls",96,10,130,4,"Apex unit test classes should have at least one System.runAs() call","https://docs.pmd-code.org/pmd-doc-7.26.0/pmd_rules_apex_bestpractices.html#apexunittestclassshouldhaverunas"
"CognitiveComplexity","pmd",3,"Recommended,Design,Apex","apps\salesforce\force-app\main\default\classes\DocEngineObjectDescribeController.cls",4,21,685,2,"The class 'DocEngineObjectDescribeController' has a total cognitive complexity of 371 (highest 26), current threshold is 50","https://docs.pmd-code.org/pmd-doc-7.26.0/pmd_rules_apex_design.html#cognitivecomplexity"
"CyclomaticComplexity","pmd",3,"Recommended,Design,Apex","apps\salesforce\force-app\main\default\classes\DocEngineObjectDescribeController.cls",4,21,685,2,"The class 'DocEngineObjectDescribeController' has a total cyclomatic complexity of 158 (highest 24).","https://docs.pmd-code.org/pmd-doc-7.26.0/pmd_rules_apex_design.html#cyclomaticcomplexity"
"ApexDoc","pmd",4,"Recommended,Documentation,Apex","apps\salesforce\force-app\main\default\classes\DocEngineObjectDescribeController.cls",5,10,23,4,"Missing ApexDoc comment","https://docs.pmd-code.org/pmd-doc-7.26.0/pmd_rules_apex_documentation.html#apexdoc"
"ApexDoc","pmd",4,"Recommended,Documentation,Apex","apps\salesforce\force-app\main\default\classes\DocEngineObjectDescribeController.cls",10,12,22,6,"Missing ApexDoc comment","https://docs.pmd-code.org/pmd-doc-7.26.0/pmd_rules_apex_documentation.html#apexdoc"
"ApexDoc","pmd",4,"Recommended,Documentation,Apex","apps\salesforce\force-app\main\default\classes\DocEngineObjectDescribeController.cls",25,10,44,4,"Missing ApexDoc comment","https://docs.pmd-code.org/pmd-doc-7.26.0/pmd_rules_apex_documentation.html#apexdoc"
"ApexDoc","pmd",4,"Recommended,Documentation,Apex","apps\salesforce\force-app\main\default\classes\DocEngineObjectDescribeController.cls",31,12,43,6,"Missing ApexDoc comment","https://docs.pmd-code.org/pmd-doc-7.26.0/pmd_rules_apex_documentation.html#apexdoc"
"ApexDoc","pmd",4,"Recommended,Documentation,Apex","apps\salesforce\force-app\main\default\classes\DocEngineObjectDescribeController.cls",46,10,49,4,"Missing ApexDoc comment","https://docs.pmd-code.org/pmd-doc-7.26.0/pmd_rules_apex_documentation.html#apexdoc"
"ApexDoc","pmd",4,"Recommended,Documentation,Apex","apps\salesforce\force-app\main\default\classes\DocEngineObjectDescribeController.cls",55,17,129,4,"Missing ApexDoc @return","https://docs.pmd-code.org/pmd-doc-7.26.0/pmd_rules_apex_documentation.html#apexdoc"
"ApexDoc","pmd",4,"Recommended,Documentation,Apex","apps\salesforce\force-app\main\default\classes\DocEngineObjectDescribeController.cls",55,17,129,4,"Missing or mismatched ApexDoc @param","https://docs.pmd-code.org/pmd-doc-7.26.0/pmd_rules_apex_documentation.html#apexdoc"
"NcssCount","pmd",3,"Recommended,Apex,Custom","apps\salesforce\force-app\main\default\classes\DocEngineObjectDescribeController.cls",55,17,129,4,"The method 'listSourceObjects(String)' has a NCSS line count of 40 (limit: 40).","https://docs.pmd-code.org/pmd-doc-7.26.0/pmd_rules_apex_design.html#ncsscount"
"CognitiveComplexity","pmd",3,"Recommended,Design,Apex","apps\salesforce\force-app\main\default\classes\DocEngineObjectDescribeController.cls",55,17,129,4,"The method 'listSourceObjects(String)' has a cognitive complexity of 22, current threshold is 15","https://docs.pmd-code.org/pmd-doc-7.26.0/pmd_rules_apex_design.html#cognitivecomplexity"
"CyclomaticComplexity","pmd",3,"Recommended,Design,Apex","apps\salesforce\force-app\main\default\classes\DocEngineObjectDescribeController.cls",55,17,129,4,"The method 'listSourceObjects(String)' has a cyclomatic complexity of 24.","https://docs.pmd-code.org/pmd-doc-7.26.0/pmd_rules_apex_design.html#cyclomaticcomplexity"
"FieldDeclarationsShouldBeAtStart","pmd",3,"Recommended,CodeStyle,Apex","apps\salesforce\force-app\main\default\classes\DocEngineObjectDescribeController.cls",132,32,132,53,"Field declaration for 'MAX_ROOT_FIELDS' should be before method declarations in its class","https://docs.pmd-code.org/pmd-doc-7.26.0/pmd_rules_apex_codestyle.html#fielddeclarationsshouldbeatstart"
"FieldDeclarationsShouldBeAtStart","pmd",3,"Recommended,CodeStyle,Apex","apps\salesforce\force-app\main\default\classes\DocEngineObjectDescribeController.cls",133,32,133,61,"Field declaration for 'MAX_PARENT_RELATIONSHIPS' should be before method declarations in its class","https://docs.pmd-code.org/pmd-doc-7.26.0/pmd_rules_apex_codestyle.html#fielddeclarationsshouldbeatstart"
"FieldDeclarationsShouldBeAtStart","pmd",3,"Recommended,CodeStyle,Apex","apps\salesforce\force-app\main\default\classes\DocEngineObjectDescribeController.cls",134,32,134,55,"Field declaration for 'MAX_RELATED_FIELDS' should be before method declarations in its class","https://docs.pmd-code.org/pmd-doc-7.26.0/pmd_rules_apex_codestyle.html#fielddeclarationsshouldbeatstart"
"FieldDeclarationsShouldBeAtStart","pmd",3,"Recommended,CodeStyle,Apex","apps\salesforce\force-app\main\default\classes\DocEngineObjectDescribeController.cls",135,32,135,60,"Field declaration for 'MAX_CHILD_RELATIONSHIPS' should be before method declarations in its class","https://docs.pmd-code.org/pmd-doc-7.26.0/pmd_rules_apex_codestyle.html#fielddeclarationsshouldbeatstart"
"FieldDeclarationsShouldBeAtStart","pmd",3,"Recommended,CodeStyle,Apex","apps\salesforce\force-app\main\default\classes\DocEngineObjectDescribeController.cls",136,32,136,53,"Field declaration for 'MAX_CHILD_FIELDS' should be before method declarations in its class","https://docs.pmd-code.org/pmd-doc-7.26.0/pmd_rules_apex_codestyle.html#fielddeclarationsshouldbeatstart"
"FieldDeclarationsShouldBeAtStart","pmd",3,"Recommended,CodeStyle,Apex","apps\salesforce\force-app\main\default\classes\DocEngineObjectDescribeController.cls",139,31,139,53,"Field declaration for 'LAZY_MARKER' should be before method declarations in its class","https://docs.pmd-code.org/pmd-doc-7.26.0/pmd_rules_apex_codestyle.html#fielddeclarationsshouldbeatstart"
"ApexDoc","pmd",4,"Recommended,Documentation,Apex","apps\salesforce\force-app\main\default\classes\DocEngineObjectDescribeController.cls",147,17,212,4,"Missing ApexDoc @return","https://docs.pmd-code.org/pmd-doc-7.26.0/pmd_rules_apex_documentation.html#apexdoc"
"ApexDoc","pmd",4,"Recommended,Documentation,Apex","apps\salesforce\force-app\main\default\classes\DocEngineObjectDescribeController.cls",147,17,212,4,"Missing or mismatched ApexDoc @param","https://docs.pmd-code.org/pmd-doc-7.26.0/pmd_rules_apex_documentation.html#apexdoc"
"NcssCount","pmd",3,"Recommended,Apex,Custom","apps\salesforce\force-app\main\default\classes\DocEngineObjectDescribeController.cls",147,17,212,4,"The method 'buildSourceSampleJson(String)' has a NCSS line count of 41 (limit: 40).","https://docs.pmd-code.org/pmd-doc-7.26.0/pmd_rules_apex_design.html#ncsscount"
"CognitiveComplexity","pmd",3,"Recommended,Design,Apex","apps\salesforce\force-app\main\default\classes\DocEngineObjectDescribeController.cls",147,17,212,4,"The method 'buildSourceSampleJson(String)' has a cognitive complexity of 26, current threshold is 15","https://docs.pmd-code.org/pmd-doc-7.26.0/pmd_rules_apex_design.html#cognitivecomplexity"
"CyclomaticComplexity","pmd",3,"Recommended,Design,Apex","apps\salesforce\force-app\main\default\classes\DocEngineObjectDescribeController.cls",147,17,212,4,"The method 'buildSourceSampleJson(String)' has a cyclomatic complexity of 20.","https://docs.pmd-code.org/pmd-doc-7.26.0/pmd_rules_apex_design.html#cyclomaticcomplexity"
"AvoidHardcodingId","pmd",3,"Recommended,ErrorProne,Apex","apps\salesforce\force-app\main\default\classes\DocEngineObjectDescribeController.cls",161,22,161,42,"Hardcoding Ids is bound to break when changing environments.","https://docs.pmd-code.org/pmd-doc-7.26.0/pmd_rules_apex_errorprone.html#avoidhardcodingid"
"ApexDoc","pmd",4,"Recommended,Documentation,Apex","apps\salesforce\force-app\main\default\classes\DocEngineObjectDescribeController.cls",220,17,269,4,"Missing ApexDoc @return","https://docs.pmd-code.org/pmd-doc-7.26.0/pmd_rules_apex_documentation.html#apexdoc"
"ApexDoc","pmd",4,"Recommended,Documentation,Apex","apps\salesforce\force-app\main\default\classes\DocEngineObjectDescribeController.cls",220,17,269,4,"Missing or mismatched ApexDoc @param","https://docs.pmd-code.org/pmd-doc-7.26.0/pmd_rules_apex_documentation.html#apexdoc"
"CyclomaticComplexity","pmd",3,"Recommended,Design,Apex","apps\salesforce\force-app\main\default\classes\DocEngineObjectDescribeController.cls",220,17,269,4,"The method 'buildRelatedSampleJson(String, String)' has a cyclomatic complexity of 19.","https://docs.pmd-code.org/pmd-doc-7.26.0/pmd_rules_apex_design.html#cyclomaticcomplexity"
"ApexDoc","pmd",4,"Recommended,Documentation,Apex","apps\salesforce\force-app\main\default\classes\DocEngineObjectDescribeController.cls",282,18,318,4,"Missing or mismatched ApexDoc @param","https://docs.pmd-code.org/pmd-doc-7.26.0/pmd_rules_apex_documentation.html#apexdoc"
"CyclomaticComplexity","pmd",3,"Recommended,Design,Apex","apps\salesforce\force-app\main\default\classes\DocEngineObjectDescribeController.cls",282,18,318,4,"The method 'addChildRelationshipStubs(Schema.DescribeSObjectResult, Map<String, Object>)' has a cyclomatic complexity of 10.","https://docs.pmd-code.org/pmd-doc-7.26.0/pmd_rules_apex_design.html#cyclomaticcomplexity"
"CognitiveComplexity","pmd",3,"Recommended,Design,Apex","apps\salesforce\force-app\main\default\classes\DocEngineObjectDescribeController.cls",429,18,465,4,"The method 'buildChildRowSample(Schema.DescribeSObjectResult)' has a cognitive complexity of 16, current threshold is 15","https://docs.pmd-code.org/pmd-doc-7.26.0/pmd_rules_apex_design.html#cognitivecomplexity"
"CyclomaticComplexity","pmd",3,"Recommended,Design,Apex","apps\salesforce\force-app\main\default\classes\DocEngineObjectDescribeController.cls",429,18,465,4,"The method 'buildChildRowSample(Schema.DescribeSObjectResult)' has a cyclomatic complexity of 10.","https://docs.pmd-code.org/pmd-doc-7.26.0/pmd_rules_apex_design.html#cyclomaticcomplexity"
"AvoidHardcodingId","pmd",3,"Recommended,ErrorProne,Apex","apps\salesforce\force-app\main\default\classes\DocEngineObjectDescribeController.cls",431,19,431,39,"Hardcoding Ids is bound to break when changing environments.","https://docs.pmd-code.org/pmd-doc-7.26.0/pmd_rules_apex_errorprone.html#avoidhardcodingid"
"ApexDoc","pmd",4,"Recommended,Documentation,Apex","apps\salesforce\force-app\main\default\classes\DocEngineObjectDescribeController.cls",468,18,480,4,"Missing ApexDoc @return","https://docs.pmd-code.org/pmd-doc-7.26.0/pmd_rules_apex_documentation.html#apexdoc"
"ApexDoc","pmd",4,"Recommended,Documentation,Apex","apps\salesforce\force-app\main\default\classes\DocEngineObjectDescribeController.cls",468,18,480,4,"Missing or mismatched ApexDoc @param","https://docs.pmd-code.org/pmd-doc-7.26.0/pmd_rules_apex_documentation.html#apexdoc"
"ApexDoc","pmd",4,"Recommended,Documentation,Apex","apps\salesforce\force-app\main\default\classes\DocEngineObjectDescribeController.cls",487,17,531,4,"Missing ApexDoc @return","https://docs.pmd-code.org/pmd-doc-7.26.0/pmd_rules_apex_documentation.html#apexdoc"
"ApexDoc","pmd",4,"Recommended,Documentation,Apex","apps\salesforce\force-app\main\default\classes\DocEngineObjectDescribeController.cls",487,17,531,4,"Missing or mismatched ApexDoc @param","https://docs.pmd-code.org/pmd-doc-7.26.0/pmd_rules_apex_documentation.html#apexdoc"
"ApexDoc","pmd",4,"Recommended,Documentation,Apex","apps\salesforce\force-app\main\default\classes\DocEngineObjectDescribeController.cls",534,17,566,4,"Missing ApexDoc comment","https://docs.pmd-code.org/pmd-doc-7.26.0/pmd_rules_apex_documentation.html#apexdoc"
"ApexDoc","pmd",4,"Recommended,Documentation,Apex","apps\salesforce\force-app\main\default\classes\DocEngineObjectDescribeController.cls",581,18,650,4,"Missing ApexDoc @return","https://docs.pmd-code.org/pmd-doc-7.26.0/pmd_rules_apex_documentation.html#apexdoc"
"ApexDoc","pmd",4,"Recommended,Documentation,Apex","apps\salesforce\force-app\main\default\classes\DocEngineObjectDescribeController.cls",581,18,650,4,"Missing or mismatched ApexDoc @param","https://docs.pmd-code.org/pmd-doc-7.26.0/pmd_rules_apex_documentation.html#apexdoc"
"NcssCount","pmd",3,"Recommended,Apex,Custom","apps\salesforce\force-app\main\default\classes\DocEngineObjectDescribeController.cls",581,18,650,4,"The method 'buildRelatedSample(Schema.DescribeFieldResult)' has a NCSS line count of 42 (limit: 40).","https://docs.pmd-code.org/pmd-doc-7.26.0/pmd_rules_apex_design.html#ncsscount"
"CognitiveComplexity","pmd",3,"Recommended,Design,Apex","apps\salesforce\force-app\main\default\classes\DocEngineObjectDescribeController.cls",581,18,650,4,"The method 'buildRelatedSample(Schema.DescribeFieldResult)' has a cognitive complexity of 24, current threshold is 15","https://docs.pmd-code.org/pmd-doc-7.26.0/pmd_rules_apex_design.html#cognitivecomplexity"
"CyclomaticComplexity","pmd",3,"Recommended,Design,Apex","apps\salesforce\force-app\main\default\classes\DocEngineObjectDescribeController.cls",581,18,650,4,"The method 'buildRelatedSample(Schema.DescribeFieldResult)' has a cyclomatic complexity of 17.","https://docs.pmd-code.org/pmd-doc-7.26.0/pmd_rules_apex_design.html#cyclomaticcomplexity"
"AvoidHardcodingId","pmd",3,"Recommended,ErrorProne,Apex","apps\salesforce\force-app\main\default\classes\DocEngineObjectDescribeController.cls",592,22,592,42,"Hardcoding Ids is bound to break when changing environments.","https://docs.pmd-code.org/pmd-doc-7.26.0/pmd_rules_apex_errorprone.html#avoidhardcodingid"
"CyclomaticComplexity","pmd",3,"Recommended,Design,Apex","apps\salesforce\force-app\main\default\classes\DocEngineObjectDescribeController.cls",652,18,684,4,"The method 'sampleValueFor(Schema.DescribeFieldResult)' has a cyclomatic complexity of 14.","https://docs.pmd-code.org/pmd-doc-7.26.0/pmd_rules_apex_design.html#cyclomaticcomplexity"
"AvoidHardcodingId","pmd",3,"Recommended,ErrorProne,Apex","apps\salesforce\force-app\main\default\classes\DocEngineObjectDescribeController.cls",680,14,680,34,"Hardcoding Ids is bound to break when changing environments.","https://docs.pmd-code.org/pmd-doc-7.26.0/pmd_rules_apex_errorprone.html#avoidhardcodingid"
"ApexUnitTestClassShouldHaveRunAs","pmd",4,"Recommended,BestPractices,Apex","apps\salesforce\force-app\main\default\classes\DocEngineObjectDescribeControllerTest.cls",4,10,18,4,"Apex unit test classes should have at least one System.runAs() call","https://docs.pmd-code.org/pmd-doc-7.26.0/pmd_rules_apex_bestpractices.html#apexunittestclassshouldhaverunas"
"ApexUnitTestClassShouldHaveRunAs","pmd",4,"Recommended,BestPractices,Apex","apps\salesforce\force-app\main\default\classes\DocEngineObjectDescribeControllerTest.cls",21,10,31,4,"Apex unit test classes should have at least one System.runAs() call","https://docs.pmd-code.org/pmd-doc-7.26.0/pmd_rules_apex_bestpractices.html#apexunittestclassshouldhaverunas"
"ApexUnitTestClassShouldHaveRunAs","pmd",4,"Recommended,BestPractices,Apex","apps\salesforce\force-app\main\default\classes\DocEngineObjectDescribeControllerTest.cls",34,10,42,4,"Apex unit test classes should have at least one System.runAs() call","https://docs.pmd-code.org/pmd-doc-7.26.0/pmd_rules_apex_bestpractices.html#apexunittestclassshouldhaverunas"
"ApexUnitTestClassShouldHaveRunAs","pmd",4,"Recommended,BestPractices,Apex","apps\salesforce\force-app\main\default\classes\DocEngineObjectDescribeControllerTest.cls",45,10,62,4,"Apex unit test classes should have at least one System.runAs() call","https://docs.pmd-code.org/pmd-doc-7.26.0/pmd_rules_apex_bestpractices.html#apexunittestclassshouldhaverunas"
"ApexUnitTestClassShouldHaveRunAs","pmd",4,"Recommended,BestPractices,Apex","apps\salesforce\force-app\main\default\classes\DocEngineObjectDescribeControllerTest.cls",65,10,89,4,"Apex unit test classes should have at least one System.runAs() call","https://docs.pmd-code.org/pmd-doc-7.26.0/pmd_rules_apex_bestpractices.html#apexunittestclassshouldhaverunas"
"ApexUnitTestClassShouldHaveRunAs","pmd",4,"Recommended,BestPractices,Apex","apps\salesforce\force-app\main\default\classes\DocEngineObjectDescribeControllerTest.cls",92,10,106,4,"Apex unit test classes should have at least one System.runAs() call","https://docs.pmd-code.org/pmd-doc-7.26.0/pmd_rules_apex_bestpractices.html#apexunittestclassshouldhaverunas"
"ApexUnitTestClassShouldHaveRunAs","pmd",4,"Recommended,BestPractices,Apex","apps\salesforce\force-app\main\default\classes\DocEngineObjectDescribeControllerTest.cls",109,10,123,4,"Apex unit test classes should have at least one System.runAs() call","https://docs.pmd-code.org/pmd-doc-7.26.0/pmd_rules_apex_bestpractices.html#apexunittestclassshouldhaverunas"
"ApexUnitTestClassShouldHaveRunAs","pmd",4,"Recommended,BestPractices,Apex","apps\salesforce\force-app\main\default\classes\DocEngineObjectDescribeControllerTest.cls",126,10,136,4,"Apex unit test classes should have at least one System.runAs() call","https://docs.pmd-code.org/pmd-doc-7.26.0/pmd_rules_apex_bestpractices.html#apexunittestclassshouldhaverunas"
"ApexUnitTestClassShouldHaveRunAs","pmd",4,"Recommended,BestPractices,Apex","apps\salesforce\force-app\main\default\classes\DocEngineObjectDescribeControllerTest.cls",139,10,147,4,"Apex unit test classes should have at least one System.runAs() call","https://docs.pmd-code.org/pmd-doc-7.26.0/pmd_rules_apex_bestpractices.html#apexunittestclassshouldhaverunas"
"ApexUnitTestClassShouldHaveRunAs","pmd",4,"Recommended,BestPractices,Apex","apps\salesforce\force-app\main\default\classes\DocEngineObjectDescribeControllerTest.cls",150,10,166,4,"Apex unit test classes should have at least one System.runAs() call","https://docs.pmd-code.org/pmd-doc-7.26.0/pmd_rules_apex_bestpractices.html#apexunittestclassshouldhaverunas"
"ApexUnitTestClassShouldHaveRunAs","pmd",4,"Recommended,BestPractices,Apex","apps\salesforce\force-app\main\default\classes\DocEngineObjectDescribeControllerTest.cls",169,10,180,4,"Apex unit test classes should have at least one System.runAs() call","https://docs.pmd-code.org/pmd-doc-7.26.0/pmd_rules_apex_bestpractices.html#apexunittestclassshouldhaverunas"
"CognitiveComplexity","pmd",3,"Recommended,Design,Apex","apps\salesforce\force-app\main\default\classes\DocEnginePdfController.cls",10,21,293,2,"The class 'DocEnginePdfController' has a total cognitive complexity of 66 (highest 13), current threshold is 50","https://docs.pmd-code.org/pmd-doc-7.26.0/pmd_rules_apex_design.html#cognitivecomplexity"
"CyclomaticComplexity","pmd",3,"Recommended,Design,Apex","apps\salesforce\force-app\main\default\classes\DocEnginePdfController.cls",10,21,293,2,"The class 'DocEnginePdfController' has a total cyclomatic complexity of 61 (highest 18).","https://docs.pmd-code.org/pmd-doc-7.26.0/pmd_rules_apex_design.html#cyclomaticcomplexity"
"ApexDoc","pmd",4,"Recommended,Documentation,Apex","apps\salesforce\force-app\main\default\classes\DocEnginePdfController.cls",18,10,22,4,"Missing ApexDoc comment","https://docs.pmd-code.org/pmd-doc-7.26.0/pmd_rules_apex_documentation.html#apexdoc"
"ApexDoc","pmd",4,"Recommended,Documentation,Apex","apps\salesforce\force-app\main\default\classes\DocEnginePdfController.cls",29,17,31,4,"Missing ApexDoc @return","https://docs.pmd-code.org/pmd-doc-7.26.0/pmd_rules_apex_documentation.html#apexdoc"
"ApexDoc","pmd",4,"Recommended,Documentation,Apex","apps\salesforce\force-app\main\default\classes\DocEnginePdfController.cls",38,17,43,4,"Missing ApexDoc @return","https://docs.pmd-code.org/pmd-doc-7.26.0/pmd_rules_apex_documentation.html#apexdoc"
"ApexDoc","pmd",4,"Recommended,Documentation,Apex","apps\salesforce\force-app\main\default\classes\DocEnginePdfController.cls",49,17,51,4,"Missing ApexDoc @return","https://docs.pmd-code.org/pmd-doc-7.26.0/pmd_rules_apex_documentation.html#apexdoc"
"ApexDoc","pmd",4,"Recommended,Documentation,Apex","apps\salesforce\force-app\main\default\classes\DocEnginePdfController.cls",49,17,51,4,"Missing or mismatched ApexDoc @param","https://docs.pmd-code.org/pmd-doc-7.26.0/pmd_rules_apex_documentation.html#apexdoc"
"ApexDoc","pmd",4,"Recommended,Documentation,Apex","apps\salesforce\force-app\main\default\classes\DocEnginePdfController.cls",58,17,71,4,"Missing ApexDoc @return","https://docs.pmd-code.org/pmd-doc-7.26.0/pmd_rules_apex_documentation.html#apexdoc"
"ApexDoc","pmd",4,"Recommended,Documentation,Apex","apps\salesforce\force-app\main\default\classes\DocEnginePdfController.cls",58,17,71,4,"Missing or mismatched ApexDoc @param","https://docs.pmd-code.org/pmd-doc-7.26.0/pmd_rules_apex_documentation.html#apexdoc"
"ApexDoc","pmd",4,"Recommended,Documentation,Apex","apps\salesforce\force-app\main\default\classes\DocEnginePdfController.cls",78,17,90,4,"Missing ApexDoc @return","https://docs.pmd-code.org/pmd-doc-7.26.0/pmd_rules_apex_documentation.html#apexdoc"
"ApexDoc","pmd",4,"Recommended,Documentation,Apex","apps\salesforce\force-app\main\default\classes\DocEnginePdfController.cls",78,17,90,4,"Missing or mismatched ApexDoc @param","https://docs.pmd-code.org/pmd-doc-7.26.0/pmd_rules_apex_documentation.html#apexdoc"
"ApexDoc","pmd",4,"Recommended,Documentation,Apex","apps\salesforce\force-app\main\default\classes\DocEnginePdfController.cls",97,17,105,4,"Missing ApexDoc @return","https://docs.pmd-code.org/pmd-doc-7.26.0/pmd_rules_apex_documentation.html#apexdoc"
"ApexDoc","pmd",4,"Recommended,Documentation,Apex","apps\salesforce\force-app\main\default\classes\DocEnginePdfController.cls",97,17,105,4,"Missing or mismatched ApexDoc @param","https://docs.pmd-code.org/pmd-doc-7.26.0/pmd_rules_apex_documentation.html#apexdoc"
"CyclomaticComplexity","pmd",3,"Recommended,Design,Apex","apps\salesforce\force-app\main\default\classes\DocEnginePdfController.cls",160,18,227,4,"The method 'storePreviewAndGetUrl(Blob)' has a cyclomatic complexity of 18.","https://docs.pmd-code.org/pmd-doc-7.26.0/pmd_rules_apex_design.html#cyclomaticcomplexity"
"ApexUnitTestClassShouldHaveRunAs","pmd",4,"Recommended,BestPractices,Apex","apps\salesforce\force-app\main\default\classes\DocEnginePdfControllerTest.cls",27,10,30,4,"Apex unit test classes should have at least one System.runAs() call","https://docs.pmd-code.org/pmd-doc-7.26.0/pmd_rules_apex_bestpractices.html#apexunittestclassshouldhaverunas"
"ApexUnitTestClassShouldHaveRunAs","pmd",4,"Recommended,BestPractices,Apex","apps\salesforce\force-app\main\default\classes\DocEnginePdfControllerTest.cls",33,10,48,4,"Apex unit test classes should have at least one System.runAs() call","https://docs.pmd-code.org/pmd-doc-7.26.0/pmd_rules_apex_bestpractices.html#apexunittestclassshouldhaverunas"
"ApexUnitTestClassShouldHaveRunAs","pmd",4,"Recommended,BestPractices,Apex","apps\salesforce\force-app\main\default\classes\DocEnginePdfControllerTest.cls",51,10,60,4,"Apex unit test classes should have at least one System.runAs() call","https://docs.pmd-code.org/pmd-doc-7.26.0/pmd_rules_apex_bestpractices.html#apexunittestclassshouldhaverunas"
"ApexUnitTestClassShouldHaveRunAs","pmd",4,"Recommended,BestPractices,Apex","apps\salesforce\force-app\main\default\classes\DocEnginePdfControllerTest.cls",63,10,71,4,"Apex unit test classes should have at least one System.runAs() call","https://docs.pmd-code.org/pmd-doc-7.26.0/pmd_rules_apex_bestpractices.html#apexunittestclassshouldhaverunas"
"ApexUnitTestClassShouldHaveRunAs","pmd",4,"Recommended,BestPractices,Apex","apps\salesforce\force-app\main\default\classes\DocEnginePdfControllerTest.cls",74,10,90,4,"Apex unit test classes should have at least one System.runAs() call","https://docs.pmd-code.org/pmd-doc-7.26.0/pmd_rules_apex_bestpractices.html#apexunittestclassshouldhaverunas"
"ApexUnitTestClassShouldHaveRunAs","pmd",4,"Recommended,BestPractices,Apex","apps\salesforce\force-app\main\default\classes\DocEnginePdfControllerTest.cls",93,10,112,4,"Apex unit test classes should have at least one System.runAs() call","https://docs.pmd-code.org/pmd-doc-7.26.0/pmd_rules_apex_bestpractices.html#apexunittestclassshouldhaverunas"
"ApexUnitTestClassShouldHaveRunAs","pmd",4,"Recommended,BestPractices,Apex","apps\salesforce\force-app\main\default\classes\DocEnginePdfControllerTest.cls",115,10,125,4,"Apex unit test classes should have at least one System.runAs() call","https://docs.pmd-code.org/pmd-doc-7.26.0/pmd_rules_apex_bestpractices.html#apexunittestclassshouldhaverunas"
"AvoidGlobalModifier","pmd",3,"Recommended,BestPractices,Apex","apps\salesforce\force-app\main\default\classes\DocEnginePostInstall.cls",6,24,177,2,"Avoid using global modifier","https://docs.pmd-code.org/pmd-doc-7.26.0/pmd_rules_apex_bestpractices.html#avoidglobalmodifier"
"AvoidGlobalInstallUninstallHandlers","pmd",1,"AppExchange,Security,Apex","apps\salesforce\force-app\main\default\classes\DocEnginePostInstall.cls",6,24,177,2,"Classes that extend InstallHandler should be public and not global","https://developer.salesforce.com/docs/platform/salesforce-code-analyzer/guide/rules-pmd-appexchange.html#avoidglobalinstalluninstallhandlers"
"ApexDoc","pmd",4,"Recommended,Documentation,Apex","apps\salesforce\force-app\main\default\classes\DocEnginePostInstall.cls",14,10,21,4,"Missing ApexDoc comment","https://docs.pmd-code.org/pmd-doc-7.26.0/pmd_rules_apex_documentation.html#apexdoc"
"ApexUnitTestClassShouldHaveRunAs","pmd",4,"Recommended,BestPractices,Apex","apps\salesforce\force-app\main\default\classes\DocEnginePostInstallTest.cls",4,10,12,4,"Apex unit test classes should have at least one System.runAs() call","https://docs.pmd-code.org/pmd-doc-7.26.0/pmd_rules_apex_bestpractices.html#apexunittestclassshouldhaverunas"
"ApexUnitTestClassShouldHaveRunAs","pmd",4,"Recommended,BestPractices,Apex","apps\salesforce\force-app\main\default\classes\DocEnginePostInstallTest.cls",15,10,39,4,"Apex unit test classes should have at least one System.runAs() call","https://docs.pmd-code.org/pmd-doc-7.26.0/pmd_rules_apex_bestpractices.html#apexunittestclassshouldhaverunas"
"ApexUnitTestClassShouldHaveRunAs","pmd",4,"Recommended,BestPractices,Apex","apps\salesforce\force-app\main\default\classes\DocEnginePostInstallTest.cls",42,10,59,4,"Apex unit test classes should have at least one System.runAs() call","https://docs.pmd-code.org/pmd-doc-7.26.0/pmd_rules_apex_bestpractices.html#apexunittestclassshouldhaverunas"
"ApexUnitTestClassShouldHaveRunAs","pmd",4,"Recommended,BestPractices,Apex","apps\salesforce\force-app\main\default\classes\DocEnginePostInstallTest.cls",88,10,97,4,"Apex unit test classes should have at least one System.runAs() call","https://docs.pmd-code.org/pmd-doc-7.26.0/pmd_rules_apex_bestpractices.html#apexunittestclassshouldhaverunas"
"ApexDoc","pmd",4,"Recommended,Documentation,Apex","apps\salesforce\force-app\main\default\classes\DocEnginePublicFormController.cls",7,17,18,4,"Missing ApexDoc comment","https://docs.pmd-code.org/pmd-doc-7.26.0/pmd_rules_apex_documentation.html#apexdoc"
"ExcessiveParameterList","pmd",3,"Recommended,Design,Apex","apps\salesforce\force-app\main\default\classes\DocEnginePublicFormController.cls",21,17,25,24,"Avoid long parameter lists (4 parameters - threshold is 4).","https://docs.pmd-code.org/pmd-doc-7.26.0/pmd_rules_apex_design.html#excessiveparameterlist"
"ApexDoc","pmd",4,"Recommended,Documentation,Apex","apps\salesforce\force-app\main\default\classes\DocEnginePublicFormController.cls",21,17,36,4,"Missing ApexDoc comment","https://docs.pmd-code.org/pmd-doc-7.26.0/pmd_rules_apex_documentation.html#apexdoc"
"CognitiveComplexity","pmd",3,"Recommended,Design,Apex","apps\salesforce\force-app\main\default\classes\DocEnginePublicFormService.cls",6,21,436,2,"The class 'DocEnginePublicFormService' has a total cognitive complexity of 141 (highest 35), current threshold is 50","https://docs.pmd-code.org/pmd-doc-7.26.0/pmd_rules_apex_design.html#cognitivecomplexity"
"CyclomaticComplexity","pmd",3,"Recommended,Design,Apex","apps\salesforce\force-app\main\default\classes\DocEnginePublicFormService.cls",6,21,436,2,"The class 'DocEnginePublicFormService' has a total cyclomatic complexity of 106 (highest 25).","https://docs.pmd-code.org/pmd-doc-7.26.0/pmd_rules_apex_design.html#cyclomaticcomplexity"
"ApexDoc","pmd",4,"Recommended,Documentation,Apex","apps\salesforce\force-app\main\default\classes\DocEnginePublicFormService.cls",10,10,14,4,"Missing ApexDoc comment","https://docs.pmd-code.org/pmd-doc-7.26.0/pmd_rules_apex_documentation.html#apexdoc"
"ApexDoc","pmd",4,"Recommended,Documentation,Apex","apps\salesforce\force-app\main\default\classes\DocEnginePublicFormService.cls",16,17,18,4,"Missing ApexDoc comment","https://docs.pmd-code.org/pmd-doc-7.26.0/pmd_rules_apex_documentation.html#apexdoc"
"CyclomaticComplexity","pmd",3,"Recommended,Design,Apex","apps\salesforce\force-app\main\default\classes\DocEnginePublicFormService.cls",21,18,93,4,"The method 'resolveLink(String, Boolean)' has a cyclomatic complexity of 20.","https://docs.pmd-code.org/pmd-doc-7.26.0/pmd_rules_apex_design.html#cyclomaticcomplexity"
"ApexDoc","pmd",4,"Recommended,Documentation,Apex","apps\salesforce\force-app\main\default\classes\DocEnginePublicFormService.cls",98,17,116,4,"Missing ApexDoc main description","https://docs.pmd-code.org/pmd-doc-7.26.0/pmd_rules_apex_documentation.html#apexdoc"
"ApexDoc","pmd",4,"Recommended,Documentation,Apex","apps\salesforce\force-app\main\default\classes\DocEnginePublicFormService.cls",98,17,116,4,"Missing or mismatched ApexDoc @param","https://docs.pmd-code.org/pmd-doc-7.26.0/pmd_rules_apex_documentation.html#apexdoc"
"CyclomaticComplexity","pmd",3,"Recommended,Design,Apex","apps\salesforce\force-app\main\default\classes\DocEnginePublicFormService.cls",98,17,116,4,"The method 'assertLinkUsable(DocEngine_Form_Link__c, Boolean)' has a cyclomatic complexity of 13.","https://docs.pmd-code.org/pmd-doc-7.26.0/pmd_rules_apex_design.html#cyclomaticcomplexity"
"AvoidBooleanMethodParameters","pmd",3,"Recommended,Design,Apex","apps\salesforce\force-app\main\default\classes\DocEnginePublicFormService.cls",98,68,98,85,"Avoid Boolean method parameters","https://docs.pmd-code.org/pmd-doc-7.26.0/pmd_rules_apex_design.html#avoidbooleanmethodparameters"
"ApexDoc","pmd",4,"Recommended,Documentation,Apex","apps\salesforce\force-app\main\default\classes\DocEnginePublicFormService.cls",118,17,125,4,"Missing ApexDoc comment","https://docs.pmd-code.org/pmd-doc-7.26.0/pmd_rules_apex_documentation.html#apexdoc"
"ApexDoc","pmd",4,"Recommended,Documentation,Apex","apps\salesforce\force-app\main\default\classes\DocEnginePublicFormService.cls",127,17,151,4,"Missing ApexDoc comment","https://docs.pmd-code.org/pmd-doc-7.26.0/pmd_rules_apex_documentation.html#apexdoc"
"ApexDoc","pmd",4,"Recommended,Documentation,Apex","apps\salesforce\force-app\main\default\classes\DocEnginePublicFormService.cls",176,17,192,4,"Missing ApexDoc @return","https://docs.pmd-code.org/pmd-doc-7.26.0/pmd_rules_apex_documentation.html#apexdoc"
"ApexDoc","pmd",4,"Recommended,Documentation,Apex","apps\salesforce\force-app\main\default\classes\DocEnginePublicFormService.cls",176,17,192,4,"Missing or mismatched ApexDoc @param","https://docs.pmd-code.org/pmd-doc-7.26.0/pmd_rules_apex_documentation.html#apexdoc"
"ExcessiveParameterList","pmd",3,"Recommended,Design,Apex","apps\salesforce\force-app\main\default\classes\DocEnginePublicFormService.cls",194,17,198,24,"Avoid long parameter lists (4 parameters - threshold is 4).","https://docs.pmd-code.org/pmd-doc-7.26.0/pmd_rules_apex_design.html#excessiveparameterlist"
"ApexDoc","pmd",4,"Recommended,Documentation,Apex","apps\salesforce\force-app\main\default\classes\DocEnginePublicFormService.cls",194,17,313,4,"Missing ApexDoc comment","https://docs.pmd-code.org/pmd-doc-7.26.0/pmd_rules_apex_documentation.html#apexdoc"
"CognitiveComplexity","pmd",3,"Recommended,Design,Apex","apps\salesforce\force-app\main\default\classes\DocEnginePublicFormService.cls",194,17,313,4,"The method 'submit(String, String, String, String)' has a cognitive complexity of 35, current threshold is 15","https://docs.pmd-code.org/pmd-doc-7.26.0/pmd_rules_apex_design.html#cognitivecomplexity"
"CyclomaticComplexity","pmd",3,"Recommended,Design,Apex","apps\salesforce\force-app\main\default\classes\DocEnginePublicFormService.cls",194,17,313,4,"The method 'submit(String, String, String, String)' has a cyclomatic complexity of 25.","https://docs.pmd-code.org/pmd-doc-7.26.0/pmd_rules_apex_design.html#cyclomaticcomplexity"
"NcssCount","pmd",3,"Recommended,Apex,Custom","apps\salesforce\force-app\main\default\classes\DocEnginePublicFormService.cls",194,17,313,4,"The method 'submit(String,String,String,String)' has a NCSS line count of 63 (limit: 40).","https://docs.pmd-code.org/pmd-doc-7.26.0/pmd_rules_apex_design.html#ncsscount"
"AvoidDeeplyNestedIfStmts","pmd",3,"Recommended,Design,Apex","apps\salesforce\force-app\main\default\classes\DocEnginePublicFormService.cls",275,11,277,12,"Deeply nested if..then statements are hard to read","https://docs.pmd-code.org/pmd-doc-7.26.0/pmd_rules_apex_design.html#avoiddeeplynestedifstmts"
"CyclomaticComplexity","pmd",3,"Recommended,Design,Apex","apps\salesforce\force-app\main\default\classes\DocEnginePublicFormService.cls",315,18,344,4,"The method 'validatePinnedRecordMapping(DocEngine_Form_Link__c)' has a cyclomatic complexity of 12.","https://docs.pmd-code.org/pmd-doc-7.26.0/pmd_rules_apex_design.html#cyclomaticcomplexity"
"ExcessiveParameterList","pmd",3,"Recommended,Design,Apex","apps\salesforce\force-app\main\default\classes\DocEnginePublicFormService.cls",350,18,355,16,"Avoid long parameter lists (5 parameters - threshold is 4).","https://docs.pmd-code.org/pmd-doc-7.26.0/pmd_rules_apex_design.html#excessiveparameterlist"
"ApexDoc","pmd",4,"Recommended,Documentation,Apex","apps\salesforce\force-app\main\default\classes\DocEnginePublicFormService.cls",350,18,414,4,"Missing or mismatched ApexDoc @param","https://docs.pmd-code.org/pmd-doc-7.26.0/pmd_rules_apex_documentation.html#apexdoc"
"CyclomaticComplexity","pmd",3,"Recommended,Design,Apex","apps\salesforce\force-app\main\default\classes\DocEnginePublicFormService.cls",350,18,414,4,"The method 'attachFileElevated(Id, Id, Blob, String, String)' has a cyclomatic complexity of 10.","https://docs.pmd-code.org/pmd-doc-7.26.0/pmd_rules_apex_design.html#cyclomaticcomplexity"
"ApexDoc","pmd",4,"Recommended,Documentation,Apex","apps\salesforce\force-app\main\default\classes\DocEnginePublicFormService.cls",416,17,419,4,"Missing ApexDoc comment","https://docs.pmd-code.org/pmd-doc-7.26.0/pmd_rules_apex_documentation.html#apexdoc"
"ApexDoc","pmd",4,"Recommended,Documentation,Apex","apps\salesforce\force-app\main\default\classes\DocEnginePublicFormService.cls",421,17,428,4,"Missing ApexDoc comment","https://docs.pmd-code.org/pmd-doc-7.26.0/pmd_rules_apex_documentation.html#apexdoc"
"ApexDoc","pmd",4,"Recommended,Documentation,Apex","apps\salesforce\force-app\main\default\classes\DocEnginePublicFormService.cls",430,17,435,4,"Missing ApexDoc comment","https://docs.pmd-code.org/pmd-doc-7.26.0/pmd_rules_apex_documentation.html#apexdoc"
"ApexUnitTestClassShouldHaveRunAs","pmd",4,"Recommended,BestPractices,Apex","apps\salesforce\force-app\main\default\classes\DocEnginePublicFormTest.cls",38,10,135,4,"Apex unit test classes should have at least one System.runAs() call","https://docs.pmd-code.org/pmd-doc-7.26.0/pmd_rules_apex_bestpractices.html#apexunittestclassshouldhaverunas"
"NcssCount","pmd",3,"Recommended,Apex,Custom","apps\salesforce\force-app\main\default\classes\DocEnginePublicFormTest.cls",38,10,135,4,"The method 'createGetSubmitAndRevoke()' has a NCSS line count of 52 (limit: 40).","https://docs.pmd-code.org/pmd-doc-7.26.0/pmd_rules_apex_design.html#ncsscount"
"ApexUnitTestClassShouldHaveRunAs","pmd",4,"Recommended,BestPractices,Apex","apps\salesforce\force-app\main\default\classes\DocEnginePublicFormTest.cls",138,10,159,4,"Apex unit test classes should have at least one System.runAs() call","https://docs.pmd-code.org/pmd-doc-7.26.0/pmd_rules_apex_bestpractices.html#apexunittestclassshouldhaverunas"
"ApexUnitTestClassShouldHaveRunAs","pmd",4,"Recommended,BestPractices,Apex","apps\salesforce\force-app\main\default\classes\DocEnginePublicFormTest.cls",162,10,196,4,"Apex unit test classes should have at least one System.runAs() call","https://docs.pmd-code.org/pmd-doc-7.26.0/pmd_rules_apex_bestpractices.html#apexunittestclassshouldhaverunas"
"ApexUnitTestClassShouldHaveRunAs","pmd",4,"Recommended,BestPractices,Apex","apps\salesforce\force-app\main\default\classes\DocEnginePublicFormTest.cls",199,10,248,4,"Apex unit test classes should have at least one System.runAs() call","https://docs.pmd-code.org/pmd-doc-7.26.0/pmd_rules_apex_bestpractices.html#apexunittestclassshouldhaverunas"
"ApexUnitTestClassShouldHaveRunAs","pmd",4,"Recommended,BestPractices,Apex","apps\salesforce\force-app\main\default\classes\DocEnginePublicFormTest.cls",251,10,257,4,"Apex unit test classes should have at least one System.runAs() call","https://docs.pmd-code.org/pmd-doc-7.26.0/pmd_rules_apex_bestpractices.html#apexunittestclassshouldhaverunas"
"ApexUnitTestClassShouldHaveRunAs","pmd",4,"Recommended,BestPractices,Apex","apps\salesforce\force-app\main\default\classes\DocEnginePublicFormTest.cls",260,10,300,4,"Apex unit test classes should have at least one System.runAs() call","https://docs.pmd-code.org/pmd-doc-7.26.0/pmd_rules_apex_bestpractices.html#apexunittestclassshouldhaverunas"
"ApexUnitTestClassShouldHaveRunAs","pmd",4,"Recommended,BestPractices,Apex","apps\salesforce\force-app\main\default\classes\DocEnginePublicFormTest.cls",303,10,332,4,"Apex unit test classes should have at least one System.runAs() call","https://docs.pmd-code.org/pmd-doc-7.26.0/pmd_rules_apex_bestpractices.html#apexunittestclassshouldhaverunas"
"ApexUnitTestClassShouldHaveRunAs","pmd",4,"Recommended,BestPractices,Apex","apps\salesforce\force-app\main\default\classes\DocEnginePublicFormTest.cls",335,10,364,4,"Apex unit test classes should have at least one System.runAs() call","https://docs.pmd-code.org/pmd-doc-7.26.0/pmd_rules_apex_bestpractices.html#apexunittestclassshouldhaverunas"
"ApexUnitTestClassShouldHaveRunAs","pmd",4,"Recommended,BestPractices,Apex","apps\salesforce\force-app\main\default\classes\DocEnginePublicFormTest.cls",367,10,405,4,"Apex unit test classes should have at least one System.runAs() call","https://docs.pmd-code.org/pmd-doc-7.26.0/pmd_rules_apex_bestpractices.html#apexunittestclassshouldhaverunas"
"CognitiveComplexity","pmd",3,"Recommended,Design,Apex","apps\salesforce\force-app\main\default\classes\DocEngineTemplateController.cls",5,21,520,2,"The class 'DocEngineTemplateController' has a total cognitive complexity of 115 (highest 10), current threshold is 50","https://docs.pmd-code.org/pmd-doc-7.26.0/pmd_rules_apex_design.html#cognitivecomplexity"
"CyclomaticComplexity","pmd",3,"Recommended,Design,Apex","apps\salesforce\force-app\main\default\classes\DocEngineTemplateController.cls",5,21,520,2,"The class 'DocEngineTemplateController' has a total cyclomatic complexity of 99 (highest 16).","https://docs.pmd-code.org/pmd-doc-7.26.0/pmd_rules_apex_design.html#cyclomaticcomplexity"
"ApexDoc","pmd",4,"Recommended,Documentation,Apex","apps\salesforce\force-app\main\default\classes\DocEngineTemplateController.cls",11,10,29,4,"Missing ApexDoc comment","https://docs.pmd-code.org/pmd-doc-7.26.0/pmd_rules_apex_documentation.html#apexdoc"
"ApexDoc","pmd",4,"Recommended,Documentation,Apex","apps\salesforce\force-app\main\default\classes\DocEngineTemplateController.cls",12,25,12,44,"Missing ApexDoc comment","https://docs.pmd-code.org/pmd-doc-7.26.0/pmd_rules_apex_documentation.html#apexdoc"
"ApexDoc","pmd",4,"Recommended,Documentation,Apex","apps\salesforce\force-app\main\default\classes\DocEngineTemplateController.cls",13,25,13,50,"Missing ApexDoc comment","https://docs.pmd-code.org/pmd-doc-7.26.0/pmd_rules_apex_documentation.html#apexdoc"
"ApexDoc","pmd",4,"Recommended,Documentation,Apex","apps\salesforce\force-app\main\default\classes\DocEngineTemplateController.cls",14,25,14,59,"Missing ApexDoc comment","https://docs.pmd-code.org/pmd-doc-7.26.0/pmd_rules_apex_documentation.html#apexdoc"
"ApexDoc","pmd",4,"Recommended,Documentation,Apex","apps\salesforce\force-app\main\default\classes\DocEngineTemplateController.cls",17,25,17,55,"Missing ApexDoc comment","https://docs.pmd-code.org/pmd-doc-7.26.0/pmd_rules_apex_documentation.html#apexdoc"
"AvoidBooleanMethodParameters","pmd",3,"Recommended,Design,Apex","apps\salesforce\force-app\main\default\classes\DocEngineTemplateController.cls",17,49,17,53,"Avoid Boolean method parameters","https://docs.pmd-code.org/pmd-doc-7.26.0/pmd_rules_apex_design.html#avoidbooleanmethodparameters"
"ApexDoc","pmd",4,"Recommended,Documentation,Apex","apps\salesforce\force-app\main\default\classes\DocEngineTemplateController.cls",18,25,18,54,"Missing ApexDoc comment","https://docs.pmd-code.org/pmd-doc-7.26.0/pmd_rules_apex_documentation.html#apexdoc"
"ApexDoc","pmd",4,"Recommended,Documentation,Apex","apps\salesforce\force-app\main\default\classes\DocEngineTemplateController.cls",21,25,21,57,"Missing ApexDoc comment","https://docs.pmd-code.org/pmd-doc-7.26.0/pmd_rules_apex_documentation.html#apexdoc"
"ApexDoc","pmd",4,"Recommended,Documentation,Apex","apps\salesforce\force-app\main\default\classes\DocEngineTemplateController.cls",22,25,22,57,"Missing ApexDoc comment","https://docs.pmd-code.org/pmd-doc-7.26.0/pmd_rules_apex_documentation.html#apexdoc"
"AvoidBooleanMethodParameters","pmd",3,"Recommended,Design,Apex","apps\salesforce\force-app\main\default\classes\DocEngineTemplateController.cls",24,50,24,54,"Avoid Boolean method parameters","https://docs.pmd-code.org/pmd-doc-7.26.0/pmd_rules_apex_design.html#avoidbooleanmethodparameters"
"ApexDoc","pmd",4,"Recommended,Documentation,Apex","apps\salesforce\force-app\main\default\classes\DocEngineTemplateController.cls",31,10,36,4,"Missing ApexDoc comment","https://docs.pmd-code.org/pmd-doc-7.26.0/pmd_rules_apex_documentation.html#apexdoc"
"ApexDoc","pmd",4,"Recommended,Documentation,Apex","apps\salesforce\force-app\main\default\classes\DocEngineTemplateController.cls",32,25,32,44,"Missing ApexDoc comment","https://docs.pmd-code.org/pmd-doc-7.26.0/pmd_rules_apex_documentation.html#apexdoc"
"ApexDoc","pmd",4,"Recommended,Documentation,Apex","apps\salesforce\force-app\main\default\classes\DocEngineTemplateController.cls",33,25,33,50,"Missing ApexDoc comment","https://docs.pmd-code.org/pmd-doc-7.26.0/pmd_rules_apex_documentation.html#apexdoc"
"ApexDoc","pmd",4,"Recommended,Documentation,Apex","apps\salesforce\force-app\main\default\classes\DocEngineTemplateController.cls",34,25,34,57,"Missing ApexDoc comment","https://docs.pmd-code.org/pmd-doc-7.26.0/pmd_rules_apex_documentation.html#apexdoc"
"ApexDoc","pmd",4,"Recommended,Documentation,Apex","apps\salesforce\force-app\main\default\classes\DocEngineTemplateController.cls",35,25,35,54,"Missing ApexDoc comment","https://docs.pmd-code.org/pmd-doc-7.26.0/pmd_rules_apex_documentation.html#apexdoc"
"ApexDoc","pmd",4,"Recommended,Documentation,Apex","apps\salesforce\force-app\main\default\classes\DocEngineTemplateController.cls",38,10,44,4,"Missing ApexDoc comment","https://docs.pmd-code.org/pmd-doc-7.26.0/pmd_rules_apex_documentation.html#apexdoc"
"ApexDoc","pmd",4,"Recommended,Documentation,Apex","apps\salesforce\force-app\main\default\classes\DocEngineTemplateController.cls",39,25,39,44,"Missing ApexDoc comment","https://docs.pmd-code.org/pmd-doc-7.26.0/pmd_rules_apex_documentation.html#apexdoc"
"ApexDoc","pmd",4,"Recommended,Documentation,Apex","apps\salesforce\force-app\main\default\classes\DocEngineTemplateController.cls",40,25,40,54,"Missing ApexDoc comment","https://docs.pmd-code.org/pmd-doc-7.26.0/pmd_rules_apex_documentation.html#apexdoc"
"ApexDoc","pmd",4,"Recommended,Documentation,Apex","apps\salesforce\force-app\main\default\classes\DocEngineTemplateController.cls",41,25,41,59,"Missing ApexDoc comment","https://docs.pmd-code.org/pmd-doc-7.26.0/pmd_rules_apex_documentation.html#apexdoc"
"ApexDoc","pmd",4,"Recommended,Documentation,Apex","apps\salesforce\force-app\main\default\classes\DocEngineTemplateController.cls",42,25,42,59,"Missing ApexDoc comment","https://docs.pmd-code.org/pmd-doc-7.26.0/pmd_rules_apex_documentation.html#apexdoc"
"ApexDoc","pmd",4,"Recommended,Documentation,Apex","apps\salesforce\force-app\main\default\classes\DocEngineTemplateController.cls",43,25,43,56,"Missing ApexDoc comment","https://docs.pmd-code.org/pmd-doc-7.26.0/pmd_rules_apex_documentation.html#apexdoc"
"AvoidBooleanMethodParameters","pmd",3,"Recommended,Design,Apex","apps\salesforce\force-app\main\default\classes\DocEngineTemplateController.cls",43,50,43,54,"Avoid Boolean method parameters","https://docs.pmd-code.org/pmd-doc-7.26.0/pmd_rules_apex_design.html#avoidbooleanmethodparameters"
"ApexDoc","pmd",4,"Recommended,Documentation,Apex","apps\salesforce\force-app\main\default\classes\DocEngineTemplateController.cls",46,10,49,4,"Missing ApexDoc comment","https://docs.pmd-code.org/pmd-doc-7.26.0/pmd_rules_apex_documentation.html#apexdoc"
"ApexDoc","pmd",4,"Recommended,Documentation,Apex","apps\salesforce\force-app\main\default\classes\DocEngineTemplateController.cls",47,25,47,51,"Missing ApexDoc comment","https://docs.pmd-code.org/pmd-doc-7.26.0/pmd_rules_apex_documentation.html#apexdoc"
"ApexDoc","pmd",4,"Recommended,Documentation,Apex","apps\salesforce\force-app\main\default\classes\DocEngineTemplateController.cls",48,25,48,51,"Missing ApexDoc comment","https://docs.pmd-code.org/pmd-doc-7.26.0/pmd_rules_apex_documentation.html#apexdoc"
"ApexDoc","pmd",4,"Recommended,Documentation,Apex","apps\salesforce\force-app\main\default\classes\DocEngineTemplateController.cls",55,17,72,4,"Missing ApexDoc @return","https://docs.pmd-code.org/pmd-doc-7.26.0/pmd_rules_apex_documentation.html#apexdoc"
"ApexDoc","pmd",4,"Recommended,Documentation,Apex","apps\salesforce\force-app\main\default\classes\DocEngineTemplateController.cls",78,17,83,4,"Missing ApexDoc @return","https://docs.pmd-code.org/pmd-doc-7.26.0/pmd_rules_apex_documentation.html#apexdoc"
"ApexDoc","pmd",4,"Recommended,Documentation,Apex","apps\salesforce\force-app\main\default\classes\DocEngineTemplateController.cls",78,17,83,4,"Missing or mismatched ApexDoc @param","https://docs.pmd-code.org/pmd-doc-7.26.0/pmd_rules_apex_documentation.html#apexdoc"
"ApexDoc","pmd",4,"Recommended,Documentation,Apex","apps\salesforce\force-app\main\default\classes\DocEngineTemplateController.cls",86,17,116,4,"Missing ApexDoc comment","https://docs.pmd-code.org/pmd-doc-7.26.0/pmd_rules_apex_documentation.html#apexdoc"
"ApexDoc","pmd",4,"Recommended,Documentation,Apex","apps\salesforce\force-app\main\default\classes\DocEngineTemplateController.cls",122,17,167,4,"Missing ApexDoc @return","https://docs.pmd-code.org/pmd-doc-7.26.0/pmd_rules_apex_documentation.html#apexdoc"
"ApexDoc","pmd",4,"Recommended,Documentation,Apex","apps\salesforce\force-app\main\default\classes\DocEngineTemplateController.cls",122,17,167,4,"Missing or mismatched ApexDoc @param","https://docs.pmd-code.org/pmd-doc-7.26.0/pmd_rules_apex_documentation.html#apexdoc"
"ApexDoc","pmd",4,"Recommended,Documentation,Apex","apps\salesforce\force-app\main\default\classes\DocEngineTemplateController.cls",173,17,206,4,"Missing ApexDoc @return","https://docs.pmd-code.org/pmd-doc-7.26.0/pmd_rules_apex_documentation.html#apexdoc"
"ApexDoc","pmd",4,"Recommended,Documentation,Apex","apps\salesforce\force-app\main\default\classes\DocEngineTemplateController.cls",173,17,206,4,"Missing or mismatched ApexDoc @param","https://docs.pmd-code.org/pmd-doc-7.26.0/pmd_rules_apex_documentation.html#apexdoc"
"ApexDoc","pmd",4,"Recommended,Documentation,Apex","apps\salesforce\force-app\main\default\classes\DocEngineTemplateController.cls",214,17,238,4,"Missing ApexDoc @return","https://docs.pmd-code.org/pmd-doc-7.26.0/pmd_rules_apex_documentation.html#apexdoc"
"ApexDoc","pmd",4,"Recommended,Documentation,Apex","apps\salesforce\force-app\main\default\classes\DocEngineTemplateController.cls",214,17,238,4,"Missing or mismatched ApexDoc @param","https://docs.pmd-code.org/pmd-doc-7.26.0/pmd_rules_apex_documentation.html#apexdoc"
"ApexDoc","pmd",4,"Recommended,Documentation,Apex","apps\salesforce\force-app\main\default\classes\DocEngineTemplateController.cls",245,17,253,4,"Missing ApexDoc @return","https://docs.pmd-code.org/pmd-doc-7.26.0/pmd_rules_apex_documentation.html#apexdoc"
"ApexDoc","pmd",4,"Recommended,Documentation,Apex","apps\salesforce\force-app\main\default\classes\DocEngineTemplateController.cls",245,17,253,4,"Missing or mismatched ApexDoc @param","https://docs.pmd-code.org/pmd-doc-7.26.0/pmd_rules_apex_documentation.html#apexdoc"
"ApexDoc","pmd",4,"Recommended,Documentation,Apex","apps\salesforce\force-app\main\default\classes\DocEngineTemplateController.cls",259,17,261,4,"Missing ApexDoc @return","https://docs.pmd-code.org/pmd-doc-7.26.0/pmd_rules_apex_documentation.html#apexdoc"
"ApexDoc","pmd",4,"Recommended,Documentation,Apex","apps\salesforce\force-app\main\default\classes\DocEngineTemplateController.cls",259,17,261,4,"Missing or mismatched ApexDoc @param","https://docs.pmd-code.org/pmd-doc-7.26.0/pmd_rules_apex_documentation.html#apexdoc"
"ApexDoc","pmd",4,"Recommended,Documentation,Apex","apps\salesforce\force-app\main\default\classes\DocEngineTemplateController.cls",268,17,318,4,"Missing ApexDoc @return","https://docs.pmd-code.org/pmd-doc-7.26.0/pmd_rules_apex_documentation.html#apexdoc"
"ApexDoc","pmd",4,"Recommended,Documentation,Apex","apps\salesforce\force-app\main\default\classes\DocEngineTemplateController.cls",268,17,318,4,"Missing or mismatched ApexDoc @param","https://docs.pmd-code.org/pmd-doc-7.26.0/pmd_rules_apex_documentation.html#apexdoc"
"CyclomaticComplexity","pmd",3,"Recommended,Design,Apex","apps\salesforce\force-app\main\default\classes\DocEngineTemplateController.cls",268,17,318,4,"The method 'saveTemplate(TemplateDTO)' has a cyclomatic complexity of 16.","https://docs.pmd-code.org/pmd-doc-7.26.0/pmd_rules_apex_design.html#cyclomaticcomplexity"
"CyclomaticComplexity","pmd",3,"Recommended,Design,Apex","apps\salesforce\force-app\main\default\classes\DocEngineTemplateController.cls",349,18,381,4,"The method 'assertTemplateSaveAllowed(Id)' has a cyclomatic complexity of 10.","https://docs.pmd-code.org/pmd-doc-7.26.0/pmd_rules_apex_design.html#cyclomaticcomplexity"
"EagerlyLoadedDescribeSObjectResult","pmd",2,"Recommended,Performance,Apex","apps\salesforce\force-app\main\default\classes\DocEngineTemplateController.cls",350,45,350,92,"DescribeSObjectResult could be being loaded eagerly with all child relationships.","https://docs.pmd-code.org/pmd-doc-7.26.0/pmd_rules_apex_performance.html#eagerlyloadeddescribesobjectresult"
"ApexDoc","pmd",4,"Recommended,Documentation,Apex","apps\salesforce\force-app\main\default\classes\DocEngineTemplateController.cls",399,17,401,4,"Missing ApexDoc @return","https://docs.pmd-code.org/pmd-doc-7.26.0/pmd_rules_apex_documentation.html#apexdoc"
"ApexDoc","pmd",4,"Recommended,Documentation,Apex","apps\salesforce\force-app\main\default\classes\DocEngineTemplateController.cls",399,17,401,4,"Missing or mismatched ApexDoc @param","https://docs.pmd-code.org/pmd-doc-7.26.0/pmd_rules_apex_documentation.html#apexdoc"
"ExcessiveParameterList","pmd",3,"Recommended,Design,Apex","apps\salesforce\force-app\main\default\classes\DocEngineTemplateController.cls",437,18,442,31,"Avoid long parameter lists (5 parameters - threshold is 4).","https://docs.pmd-code.org/pmd-doc-7.26.0/pmd_rules_apex_design.html#excessiveparameterlist"
"ApexUnitTestClassShouldHaveRunAs","pmd",4,"Recommended,BestPractices,Apex","apps\salesforce\force-app\main\default\classes\DocEngineTemplateControllerTest.cls",4,10,46,4,"Apex unit test classes should have at least one System.runAs() call","https://docs.pmd-code.org/pmd-doc-7.26.0/pmd_rules_apex_bestpractices.html#apexunittestclassshouldhaverunas"
"ApexUnitTestClassShouldHaveRunAs","pmd",4,"Recommended,BestPractices,Apex","apps\salesforce\force-app\main\default\classes\DocEngineTemplateControllerTest.cls",49,10,75,4,"Apex unit test classes should have at least one System.runAs() call","https://docs.pmd-code.org/pmd-doc-7.26.0/pmd_rules_apex_bestpractices.html#apexunittestclassshouldhaverunas"
"ApexUnitTestClassShouldHaveRunAs","pmd",4,"Recommended,BestPractices,Apex","apps\salesforce\force-app\main\default\classes\DocEngineTemplateControllerTest.cls",78,10,98,4,"Apex unit test classes should have at least one System.runAs() call","https://docs.pmd-code.org/pmd-doc-7.26.0/pmd_rules_apex_bestpractices.html#apexunittestclassshouldhaverunas"
"ApexUnitTestClassShouldHaveRunAs","pmd",4,"Recommended,BestPractices,Apex","apps\salesforce\force-app\main\default\classes\DocEngineTemplateControllerTest.cls",101,10,106,4,"Apex unit test classes should have at least one System.runAs() call","https://docs.pmd-code.org/pmd-doc-7.26.0/pmd_rules_apex_bestpractices.html#apexunittestclassshouldhaverunas"
"ApexUnitTestClassShouldHaveRunAs","pmd",4,"Recommended,BestPractices,Apex","apps\salesforce\force-app\main\default\classes\DocEngineTemplateControllerTest.cls",109,10,120,4,"Apex unit test classes should have at least one System.runAs() call","https://docs.pmd-code.org/pmd-doc-7.26.0/pmd_rules_apex_bestpractices.html#apexunittestclassshouldhaverunas"
"ApexUnitTestClassShouldHaveRunAs","pmd",4,"Recommended,BestPractices,Apex","apps\salesforce\force-app\main\default\classes\DocEngineTemplateControllerTest.cls",123,10,138,4,"Apex unit test classes should have at least one System.runAs() call","https://docs.pmd-code.org/pmd-doc-7.26.0/pmd_rules_apex_bestpractices.html#apexunittestclassshouldhaverunas"
"ApexUnitTestClassShouldHaveRunAs","pmd",4,"Recommended,BestPractices,Apex","apps\salesforce\force-app\main\default\classes\DocEngineTemplateControllerTest.cls",141,10,153,4,"Apex unit test classes should have at least one System.runAs() call","https://docs.pmd-code.org/pmd-doc-7.26.0/pmd_rules_apex_bestpractices.html#apexunittestclassshouldhaverunas"
"ApexUnitTestClassShouldHaveRunAs","pmd",4,"Recommended,BestPractices,Apex","apps\salesforce\force-app\main\default\classes\DocEngineTemplateControllerTest.cls",236,10,251,4,"Apex unit test classes should have at least one System.runAs() call","https://docs.pmd-code.org/pmd-doc-7.26.0/pmd_rules_apex_bestpractices.html#apexunittestclassshouldhaverunas"
"ApexUnitTestClassShouldHaveRunAs","pmd",4,"Recommended,BestPractices,Apex","apps\salesforce\force-app\main\default\classes\DocEngineTemplateControllerTest.cls",254,10,268,4,"Apex unit test classes should have at least one System.runAs() call","https://docs.pmd-code.org/pmd-doc-7.26.0/pmd_rules_apex_bestpractices.html#apexunittestclassshouldhaverunas"
"ApexUnitTestClassShouldHaveRunAs","pmd",4,"Recommended,BestPractices,Apex","apps\salesforce\force-app\main\default\classes\DocEngineTemplateControllerTest.cls",271,10,301,4,"Apex unit test classes should have at least one System.runAs() call","https://docs.pmd-code.org/pmd-doc-7.26.0/pmd_rules_apex_bestpractices.html#apexunittestclassshouldhaverunas"
"ApexDoc","pmd",4,"Recommended,Documentation,Apex","apps\salesforce\force-app\main\default\classes\DocEngineTemplateSaveService.cls",8,10,13,4,"Missing ApexDoc comment","https://docs.pmd-code.org/pmd-doc-7.26.0/pmd_rules_apex_documentation.html#apexdoc"
"ApexDoc","pmd",4,"Recommended,Documentation,Apex","apps\salesforce\force-app\main\default\classes\DocEngineTemplateSaveService.cls",9,12,9,39,"Missing ApexDoc comment","https://docs.pmd-code.org/pmd-doc-7.26.0/pmd_rules_apex_documentation.html#apexdoc"
"ApexDoc","pmd",4,"Recommended,Documentation,Apex","apps\salesforce\force-app\main\default\classes\DocEngineTemplateSaveService.cls",10,12,10,63,"Missing ApexDoc comment","https://docs.pmd-code.org/pmd-doc-7.26.0/pmd_rules_apex_documentation.html#apexdoc"
"ApexDoc","pmd",4,"Recommended,Documentation,Apex","apps\salesforce\force-app\main\default\classes\DocEngineTemplateSaveService.cls",11,12,11,47,"Missing ApexDoc comment","https://docs.pmd-code.org/pmd-doc-7.26.0/pmd_rules_apex_documentation.html#apexdoc"
"ApexDoc","pmd",4,"Recommended,Documentation,Apex","apps\salesforce\force-app\main\default\classes\DocEngineTemplateSaveService.cls",12,12,12,52,"Missing ApexDoc comment","https://docs.pmd-code.org/pmd-doc-7.26.0/pmd_rules_apex_documentation.html#apexdoc"
"ApexDoc","pmd",4,"Recommended,Documentation,Apex","apps\salesforce\force-app\main\default\classes\DocEngineTemplateSaveService.cls",15,17,69,4,"Missing ApexDoc comment","https://docs.pmd-code.org/pmd-doc-7.26.0/pmd_rules_apex_documentation.html#apexdoc"
"ApexDoc","pmd",4,"Recommended,Documentation,Apex","apps\salesforce\force-app\main\default\classes\DocEngineTemplateSharingService.cls",6,17,64,4,"Missing ApexDoc comment","https://docs.pmd-code.org/pmd-doc-7.26.0/pmd_rules_apex_documentation.html#apexdoc"
"ApexDoc","pmd",4,"Recommended,Documentation,Apex","apps\salesforce\force-app\main\default\classes\DocEngineTemplateVersionService.cls",10,17,31,4,"Missing ApexDoc @return","https://docs.pmd-code.org/pmd-doc-7.26.0/pmd_rules_apex_documentation.html#apexdoc"
"ApexDoc","pmd",4,"Recommended,Documentation,Apex","apps\salesforce\force-app\main\default\classes\DocEngineTemplateVersionService.cls",10,17,31,4,"Missing or mismatched ApexDoc @param","https://docs.pmd-code.org/pmd-doc-7.26.0/pmd_rules_apex_documentation.html#apexdoc"
"ApexDoc","pmd",4,"Recommended,Documentation,Apex","apps\salesforce\force-app\main\default\classes\DocEngineTemplateVersionService.cls",33,17,73,4,"Missing ApexDoc comment","https://docs.pmd-code.org/pmd-doc-7.26.0/pmd_rules_apex_documentation.html#apexdoc"
"CyclomaticComplexity","pmd",3,"Recommended,Design,Apex","apps\salesforce\force-app\main\default\classes\DocEngineTemplateVersionService.cls",33,17,73,4,"The method 'ensureCurrentVersionId(Id)' has a cyclomatic complexity of 10.","https://docs.pmd-code.org/pmd-doc-7.26.0/pmd_rules_apex_design.html#cyclomaticcomplexity"
"ApexDoc","pmd",4,"Recommended,Documentation,Apex","apps\salesforce\force-app\main\default\classes\DocEngineTemplateVersionService.cls",75,17,105,4,"Missing ApexDoc comment","https://docs.pmd-code.org/pmd-doc-7.26.0/pmd_rules_apex_documentation.html#apexdoc"
"ExcessiveParameterList","pmd",3,"Recommended,Design,Apex","apps\salesforce\force-app\main\default\classes\DocEngineTemplateVersionService.cls",107,18,111,24,"Avoid long parameter lists (4 parameters - threshold is 4).","https://docs.pmd-code.org/pmd-doc-7.26.0/pmd_rules_apex_design.html#excessiveparameterlist"
"ApexDoc","pmd",4,"Recommended,Documentation,Apex","apps\salesforce\force-app\main\default\classes\DocEngineTemplateVersionService.cls",127,17,129,4,"Missing ApexDoc comment","https://docs.pmd-code.org/pmd-doc-7.26.0/pmd_rules_apex_documentation.html#apexdoc"
"CognitiveComplexity","pmd",3,"Recommended,Design,Apex","apps\salesforce\force-app\main\default\classes\DocEngineWriteback.cls",6,21,646,2,"The class 'DocEngineWriteback' has a total cognitive complexity of 400 (highest 27), current threshold is 50","https://docs.pmd-code.org/pmd-doc-7.26.0/pmd_rules_apex_design.html#cognitivecomplexity"
"CyclomaticComplexity","pmd",3,"Recommended,Design,Apex","apps\salesforce\force-app\main\default\classes\DocEngineWriteback.cls",6,21,646,2,"The class 'DocEngineWriteback' has a total cyclomatic complexity of 182 (highest 24).","https://docs.pmd-code.org/pmd-doc-7.26.0/pmd_rules_apex_design.html#cyclomaticcomplexity"
"ApexDoc","pmd",4,"Recommended,Documentation,Apex","apps\salesforce\force-app\main\default\classes\DocEngineWriteback.cls",23,10,28,4,"Missing ApexDoc comment","https://docs.pmd-code.org/pmd-doc-7.26.0/pmd_rules_apex_documentation.html#apexdoc"
"ApexDoc","pmd",4,"Recommended,Documentation,Apex","apps\salesforce\force-app\main\default\classes\DocEngineWriteback.cls",43,17,51,4,"Missing ApexDoc @return","https://docs.pmd-code.org/pmd-doc-7.26.0/pmd_rules_apex_documentation.html#apexdoc"
"ApexDoc","pmd",4,"Recommended,Documentation,Apex","apps\salesforce\force-app\main\default\classes\DocEngineWriteback.cls",43,17,51,4,"Missing ApexDoc main description","https://docs.pmd-code.org/pmd-doc-7.26.0/pmd_rules_apex_documentation.html#apexdoc"
"ApexDoc","pmd",4,"Recommended,Documentation,Apex","apps\salesforce\force-app\main\default\classes\DocEngineWriteback.cls",57,17,65,4,"Missing ApexDoc @return","https://docs.pmd-code.org/pmd-doc-7.26.0/pmd_rules_apex_documentation.html#apexdoc"
"ApexDoc","pmd",4,"Recommended,Documentation,Apex","apps\salesforce\force-app\main\default\classes\DocEngineWriteback.cls",57,17,65,4,"Missing or mismatched ApexDoc @param","https://docs.pmd-code.org/pmd-doc-7.26.0/pmd_rules_apex_documentation.html#apexdoc"
"ApexDoc","pmd",4,"Recommended,Documentation,Apex","apps\salesforce\force-app\main\default\classes\DocEngineWriteback.cls",71,17,77,4,"Missing ApexDoc @return","https://docs.pmd-code.org/pmd-doc-7.26.0/pmd_rules_apex_documentation.html#apexdoc"
"ApexDoc","pmd",4,"Recommended,Documentation,Apex","apps\salesforce\force-app\main\default\classes\DocEngineWriteback.cls",71,17,77,4,"Missing or mismatched ApexDoc @param","https://docs.pmd-code.org/pmd-doc-7.26.0/pmd_rules_apex_documentation.html#apexdoc"
"ExcessiveParameterList","pmd",3,"Recommended,Design,Apex","apps\salesforce\force-app\main\default\classes\DocEngineWriteback.cls",84,18,88,28,"Avoid long parameter lists (4 parameters - threshold is 4).","https://docs.pmd-code.org/pmd-doc-7.26.0/pmd_rules_apex_design.html#excessiveparameterlist"
"ApexDoc","pmd",4,"Recommended,Documentation,Apex","apps\salesforce\force-app\main\default\classes\DocEngineWriteback.cls",84,18,178,4,"Missing ApexDoc @return","https://docs.pmd-code.org/pmd-doc-7.26.0/pmd_rules_apex_documentation.html#apexdoc"
"ApexDoc","pmd",4,"Recommended,Documentation,Apex","apps\salesforce\force-app\main\default\classes\DocEngineWriteback.cls",84,18,178,4,"Missing ApexDoc main description","https://docs.pmd-code.org/pmd-doc-7.26.0/pmd_rules_apex_documentation.html#apexdoc"
"ApexDoc","pmd",4,"Recommended,Documentation,Apex","apps\salesforce\force-app\main\default\classes\DocEngineWriteback.cls",84,18,178,4,"Missing or mismatched ApexDoc @param","https://docs.pmd-code.org/pmd-doc-7.26.0/pmd_rules_apex_documentation.html#apexdoc"
"CognitiveComplexity","pmd",3,"Recommended,Design,Apex","apps\salesforce\force-app\main\default\classes\DocEngineWriteback.cls",84,18,178,4,"The method 'apply(Object, Object, String, Boolean)' has a cognitive complexity of 27, current threshold is 15","https://docs.pmd-code.org/pmd-doc-7.26.0/pmd_rules_apex_design.html#cognitivecomplexity"
"CyclomaticComplexity","pmd",3,"Recommended,Design,Apex","apps\salesforce\force-app\main\default\classes\DocEngineWriteback.cls",84,18,178,4,"The method 'apply(Object, Object, String, Boolean)' has a cyclomatic complexity of 24.","https://docs.pmd-code.org/pmd-doc-7.26.0/pmd_rules_apex_design.html#cyclomaticcomplexity"
"NcssCount","pmd",3,"Recommended,Apex,Custom","apps\salesforce\force-app\main\default\classes\DocEngineWriteback.cls",84,18,178,4,"The method 'apply(Object,Object,String,Boolean)' has a NCSS line count of 63 (limit: 40).","https://docs.pmd-code.org/pmd-doc-7.26.0/pmd_rules_apex_design.html#ncsscount"
"EagerlyLoadedDescribeSObjectResult","pmd",2,"Recommended,Performance,Apex","apps\salesforce\force-app\main\default\classes\DocEngineWriteback.cls",98,45,98,70,"DescribeSObjectResult could be being loaded eagerly with all child relationships.","https://docs.pmd-code.org/pmd-doc-7.26.0/pmd_rules_apex_performance.html#eagerlyloadeddescribesobjectresult"
"ApexDoc","pmd",4,"Recommended,Documentation,Apex","apps\salesforce\force-app\main\default\classes\DocEngineWriteback.cls",185,17,224,4,"Missing ApexDoc @return","https://docs.pmd-code.org/pmd-doc-7.26.0/pmd_rules_apex_documentation.html#apexdoc"
"ApexDoc","pmd",4,"Recommended,Documentation,Apex","apps\salesforce\force-app\main\default\classes\DocEngineWriteback.cls",185,17,224,4,"Missing or mismatched ApexDoc @param","https://docs.pmd-code.org/pmd-doc-7.26.0/pmd_rules_apex_documentation.html#apexdoc"
"CyclomaticComplexity","pmd",3,"Recommended,Design,Apex","apps\salesforce\force-app\main\default\classes\DocEngineWriteback.cls",185,17,224,4,"The method 'sanitizeElevatedForDml(Result, Boolean)' has a cyclomatic complexity of 16.","https://docs.pmd-code.org/pmd-doc-7.26.0/pmd_rules_apex_design.html#cyclomaticcomplexity"
"AvoidBooleanMethodParameters","pmd",3,"Recommended,Design,Apex","apps\salesforce\force-app\main\default\classes\DocEngineWriteback.cls",185,63,185,80,"Avoid Boolean method parameters","https://docs.pmd-code.org/pmd-doc-7.26.0/pmd_rules_apex_design.html#avoidbooleanmethodparameters"
"CyclomaticComplexity","pmd",3,"Recommended,Design,Apex","apps\salesforce\force-app\main\default\classes\DocEngineWriteback.cls",276,18,300,4,"The method 'addV1Rule(List<WriteRule>, Object)' has a cyclomatic complexity of 14.","https://docs.pmd-code.org/pmd-doc-7.26.0/pmd_rules_apex_design.html#cyclomaticcomplexity"
"CyclomaticComplexity","pmd",3,"Recommended,Design,Apex","apps\salesforce\force-app\main\default\classes\DocEngineWriteback.cls",323,18,358,4,"The method 'toWriteRule(String, String, String)' has a cyclomatic complexity of 17.","https://docs.pmd-code.org/pmd-doc-7.26.0/pmd_rules_apex_design.html#cyclomaticcomplexity"
"CognitiveComplexity","pmd",3,"Recommended,Design,Apex","apps\salesforce\force-app\main\default\classes\DocEngineWriteback.cls",375,18,406,4,"The method 'lookupAnswer(Map<String, Object>, String, String)' has a cognitive complexity of 15, current threshold is 15","https://docs.pmd-code.org/pmd-doc-7.26.0/pmd_rules_apex_design.html#cognitivecomplexity"
"CyclomaticComplexity","pmd",3,"Recommended,Design,Apex","apps\salesforce\force-app\main\default\classes\DocEngineWriteback.cls",375,18,406,4,"The method 'lookupAnswer(Map<String, Object>, String, String)' has a cyclomatic complexity of 13.","https://docs.pmd-code.org/pmd-doc-7.26.0/pmd_rules_apex_design.html#cyclomaticcomplexity"
"CyclomaticComplexity","pmd",3,"Recommended,Design,Apex","apps\salesforce\force-app\main\default\classes\DocEngineWriteback.cls",409,18,440,4,"The method 'toScalar(Object)' has a cyclomatic complexity of 15.","https://docs.pmd-code.org/pmd-doc-7.26.0/pmd_rules_apex_design.html#cyclomaticcomplexity"
"CognitiveComplexity","pmd",3,"Recommended,Design,Apex","apps\salesforce\force-app\main\default\classes\DocEngineWriteback.cls",443,18,504,4,"The method 'coerceValue(Object, Schema.DescribeFieldResult, String)' has a cognitive complexity of 26, current threshold is 15","https://docs.pmd-code.org/pmd-doc-7.26.0/pmd_rules_apex_design.html#cognitivecomplexity"
"CyclomaticComplexity","pmd",3,"Recommended,Design,Apex","apps\salesforce\force-app\main\default\classes\DocEngineWriteback.cls",443,18,504,4,"The method 'coerceValue(Object, Schema.DescribeFieldResult, String)' has a cyclomatic complexity of 23.","https://docs.pmd-code.org/pmd-doc-7.26.0/pmd_rules_apex_design.html#cyclomaticcomplexity"
"ApexDoc","pmd",4,"Recommended,Documentation,Apex","apps\salesforce\force-app\main\default\classes\DocEngineWriteback.cls",556,17,634,4,"Missing ApexDoc @return","https://docs.pmd-code.org/pmd-doc-7.26.0/pmd_rules_apex_documentation.html#apexdoc"
"ApexDoc","pmd",4,"Recommended,Documentation,Apex","apps\salesforce\force-app\main\default\classes\DocEngineWriteback.cls",556,17,634,4,"Missing or mismatched ApexDoc @param","https://docs.pmd-code.org/pmd-doc-7.26.0/pmd_rules_apex_documentation.html#apexdoc"
"CognitiveComplexity","pmd",3,"Recommended,Design,Apex","apps\salesforce\force-app\main\default\classes\DocEngineWriteback.cls",556,17,634,4,"The method 'buildPrefill(String, Id, String)' has a cognitive complexity of 21, current threshold is 15","https://docs.pmd-code.org/pmd-doc-7.26.0/pmd_rules_apex_design.html#cognitivecomplexity"
"CyclomaticComplexity","pmd",3,"Recommended,Design,Apex","apps\salesforce\force-app\main\default\classes\DocEngineWriteback.cls",556,17,634,4,"The method 'buildPrefill(String, Id, String)' has a cyclomatic complexity of 17.","https://docs.pmd-code.org/pmd-doc-7.26.0/pmd_rules_apex_design.html#cyclomaticcomplexity"
"NcssCount","pmd",3,"Recommended,Apex,Custom","apps\salesforce\force-app\main\default\classes\DocEngineWriteback.cls",556,17,634,4,"The method 'buildPrefill(String,Id,String)' has a NCSS line count of 49 (limit: 40).","https://docs.pmd-code.org/pmd-doc-7.26.0/pmd_rules_apex_design.html#ncsscount"
"EagerlyLoadedDescribeSObjectResult","pmd",2,"Recommended,Performance,Apex","apps\salesforce\force-app\main\default\classes\DocEngineWriteback.cls",574,49,574,74,"DescribeSObjectResult could be being loaded eagerly with all child relationships.","https://docs.pmd-code.org/pmd-doc-7.26.0/pmd_rules_apex_performance.html#eagerlyloadeddescribesobjectresult"
"ApexUnitTestClassShouldHaveRunAs","pmd",4,"Recommended,BestPractices,Apex","apps\salesforce\force-app\main\default\classes\DocEngineWritebackTest.cls",4,10,47,4,"Apex unit test classes should have at least one System.runAs() call","https://docs.pmd-code.org/pmd-doc-7.26.0/pmd_rules_apex_bestpractices.html#apexunittestclassshouldhaverunas"
"ApexUnitTestClassShouldHaveRunAs","pmd",4,"Recommended,BestPractices,Apex","apps\salesforce\force-app\main\default\classes\DocEngineWritebackTest.cls",50,10,82,4,"Apex unit test classes should have at least one System.runAs() call","https://docs.pmd-code.org/pmd-doc-7.26.0/pmd_rules_apex_bestpractices.html#apexunittestclassshouldhaverunas"
"ApexUnitTestClassShouldHaveRunAs","pmd",4,"Recommended,BestPractices,Apex","apps\salesforce\force-app\main\default\classes\DocEngineWritebackTest.cls",85,10,101,4,"Apex unit test classes should have at least one System.runAs() call","https://docs.pmd-code.org/pmd-doc-7.26.0/pmd_rules_apex_bestpractices.html#apexunittestclassshouldhaverunas"
"ApexUnitTestClassShouldHaveRunAs","pmd",4,"Recommended,BestPractices,Apex","apps\salesforce\force-app\main\default\classes\DocEngineWritebackTest.cls",104,10,127,4,"Apex unit test classes should have at least one System.runAs() call","https://docs.pmd-code.org/pmd-doc-7.26.0/pmd_rules_apex_bestpractices.html#apexunittestclassshouldhaverunas"
"ApexUnitTestClassShouldHaveRunAs","pmd",4,"Recommended,BestPractices,Apex","apps\salesforce\force-app\main\default\classes\DocEngineWritebackTest.cls",130,10,154,4,"Apex unit test classes should have at least one System.runAs() call","https://docs.pmd-code.org/pmd-doc-7.26.0/pmd_rules_apex_bestpractices.html#apexunittestclassshouldhaverunas"
"ApexUnitTestClassShouldHaveRunAs","pmd",4,"Recommended,BestPractices,Apex","apps\salesforce\force-app\main\default\classes\DocEngineWritebackTest.cls",157,10,186,4,"Apex unit test classes should have at least one System.runAs() call","https://docs.pmd-code.org/pmd-doc-7.26.0/pmd_rules_apex_bestpractices.html#apexunittestclassshouldhaverunas"
"ApexUnitTestClassShouldHaveRunAs","pmd",4,"Recommended,BestPractices,Apex","apps\salesforce\force-app\main\default\classes\DocEngineWritebackTest.cls",189,10,204,4,"Apex unit test classes should have at least one System.runAs() call","https://docs.pmd-code.org/pmd-doc-7.26.0/pmd_rules_apex_bestpractices.html#apexunittestclassshouldhaverunas"
"ApexUnitTestClassShouldHaveRunAs","pmd",4,"Recommended,BestPractices,Apex","apps\salesforce\force-app\main\default\classes\DocEngineWritebackTest.cls",207,10,223,4,"Apex unit test classes should have at least one System.runAs() call","https://docs.pmd-code.org/pmd-doc-7.26.0/pmd_rules_apex_bestpractices.html#apexunittestclassshouldhaverunas"
"ApexUnitTestClassShouldHaveRunAs","pmd",4,"Recommended,BestPractices,Apex","apps\salesforce\force-app\main\default\classes\DocEngineWritebackTest.cls",226,10,243,4,"Apex unit test classes should have at least one System.runAs() call","https://docs.pmd-code.org/pmd-doc-7.26.0/pmd_rules_apex_bestpractices.html#apexunittestclassshouldhaverunas"
"ApexUnitTestClassShouldHaveRunAs","pmd",4,"Recommended,BestPractices,Apex","apps\salesforce\force-app\main\default\classes\DocEngineWritebackTest.cls",246,10,285,4,"Apex unit test classes should have at least one System.runAs() call","https://docs.pmd-code.org/pmd-doc-7.26.0/pmd_rules_apex_bestpractices.html#apexunittestclassshouldhaverunas"
"ProtectSensitiveData","pmd",3,"AppExchange,Security,XML","apps\salesforce\force-app\main\default\objects\DocEngine_Form_Link__c\fields\Token__c.field-meta.xml",1,1,12,14,"Token__c is a potential auth token in a custom object: DocEngine_Form_Link__c","https://developer.salesforce.com/docs/platform/salesforce-code-analyzer/guide/rules-pmd-appexchange.html#protectsensitivedata"
"ProtectSensitiveData","pmd",3,"AppExchange,Security,XML","apps\salesforce\force-app\main\default\objects\DocEngine_Settings__c\fields\Public_Form_Site_Base_URL__c.field-meta.xml",1,1,13,14,"Public_Form_Site_Base_URL__c is a potential auth token in the object: DocEngine_Settings__c with public visibility","https://developer.salesforce.com/docs/platform/salesforce-code-analyzer/guide/rules-pmd-appexchange.html#protectsensitivedata"
"ProtectSensitiveData","pmd",3,"AppExchange,Security,XML","apps\salesforce\force-app\main\default\objects\DocEngine_Template_Version__c\fields\Version_Key__c.field-meta.xml",1,1,12,14,"Version_Key__c is a potential auth token in a custom object: DocEngine_Template_Version__c","https://developer.salesforce.com/docs/platform/salesforce-code-analyzer/guide/rules-pmd-appexchange.html#protectsensitivedata"
"ProtectSensitiveData","pmd",3,"AppExchange,Security,XML","apps\salesforce\force-app\main\default\objects\DocEngine_Template__c\fields\Access_Group_Id__c.field-meta.xml",1,1,11,14,"Access_Group_Id__c is a potential auth token in a custom object: DocEngine_Template__c","https://developer.salesforce.com/docs/platform/salesforce-code-analyzer/guide/rules-pmd-appexchange.html#protectsensitivedata"
"ProtectSensitiveData","pmd",3,"AppExchange,Security,XML","apps\salesforce\force-app\main\default\objects\DocEngine_Template__c\fields\Public_Form_Enabled__c.field-meta.xml",1,1,8,14,"Public_Form_Enabled__c is a potential auth token in a custom object: DocEngine_Template__c","https://developer.salesforce.com/docs/platform/salesforce-code-analyzer/guide/rules-pmd-appexchange.html#protectsensitivedata"
"ProtectSensitiveData","pmd",3,"AppExchange,Security,XML","apps\salesforce\force-app\main\default\objects\DocEngine_Template__c\fields\Public_Form_Mode__c.field-meta.xml",1,1,24,14,"Public_Form_Mode__c is a potential auth token in a custom object: DocEngine_Template__c","https://developer.salesforce.com/docs/platform/salesforce-code-analyzer/guide/rules-pmd-appexchange.html#protectsensitivedata"
"DetectCopyPasteForApex","cpd",5,"Recommended,Design,Apex","apps\salesforce\force-app\main\default\classes\DocEngineMergeController.cls",464,93,478,6,"Duplicate code detected for language 'apex'. Found 2 code locations containing the same block of code consisting of 115 tokens across 15 lines.","https://docs.pmd-code.org/latest/pmd_userdocs_cpd.html#refactoring-duplicates"
"DetectCopyPasteForApex","cpd",5,"Recommended,Design,Apex","apps\salesforce\force-app\main\default\classes\DocEngineInstanceControllerTest.cls",297,53,320,24,"Duplicate code detected for language 'apex'. Found 2 code locations containing the same block of code consisting of 106 tokens across 24 lines.","https://docs.pmd-code.org/latest/pmd_userdocs_cpd.html#refactoring-duplicates"
"DetectCopyPasteForJavascript","cpd",5,"Recommended,Design,Javascript","apps\salesforce\force-app\main\default\lwc\docEngineFiller\docEngineFiller.js",360,3,389,4,"Duplicate code detected for language 'javascript'. Found 2 code locations containing the same block of code consisting of 216 tokens across 30 lines.","https://docs.pmd-code.org/latest/pmd_userdocs_cpd.html#refactoring-duplicates"
"DetectCopyPasteForJavascript","cpd",5,"Recommended,Design,Javascript","apps\salesforce\force-app\main\default\lwc\docEngineInstanceList\docEngineInstanceList.js",7,89,27,2,"Duplicate code detected for language 'javascript'. Found 2 code locations containing the same block of code consisting of 165 tokens across 21 lines.","https://docs.pmd-code.org/latest/pmd_userdocs_cpd.html#refactoring-duplicates"
"DetectCopyPasteForJavascript","cpd",5,"Recommended,Design,Javascript","apps\salesforce\force-app\main\default\lwc\docEngineInstanceList\docEngineInstanceList.js",380,17,402,2,"Duplicate code detected for language 'javascript'. Found 2 code locations containing the same block of code consisting of 133 tokens across 23 lines.","https://docs.pmd-code.org/latest/pmd_userdocs_cpd.html#refactoring-duplicates"
"DetectCopyPasteForJavascript","cpd",5,"Recommended,Design,Javascript","apps\salesforce\force-app\main\default\lwc\docEngineModal\docEngineModal.js",581,18,601,4,"Duplicate code detected for language 'javascript'. Found 2 code locations containing the same block of code consisting of 125 tokens across 21 lines.","https://docs.pmd-code.org/latest/pmd_userdocs_cpd.html#refactoring-duplicates"
"DetectCopyPasteForJavascript","cpd",5,"Recommended,Design,Javascript","apps\salesforce\force-app\main\default\lwc\docEngineFiller\docEngineFiller.js",387,27,407,2,"Duplicate code detected for language 'javascript'. Found 2 code locations containing the same block of code consisting of 112 tokens across 21 lines.","https://docs.pmd-code.org/latest/pmd_userdocs_cpd.html#refactoring-duplicates"
